; generated by OrcaSlicer 2.4.2 on 2026-09-24 at 15:59:21
;FLAVOR:Marlin
;TIME:182
;Filament used: 0.105600
;Layer height: 0.28
;MINX:0.000
;MINY:0.000
;MINZ:0.000
;MAXX:0.000
;MAXY:0.000
;MAXZ:0.000
;POSTPROCESSED
;Header generated for the MRiscoC Professional Firmware
;https://github.com/mriscoc/Ender3V2S1; HEADER_BLOCK_START
; total layer number: 26
; filament_density: 1.24
; filament_diameter: 1.75
; max_z_height: 4.76
; filament: 1
; HEADER_BLOCK_END

; THUMBNAIL_BLOCK_START

;
; thumbnail begin 230x180 3532
; /9j/4AAQSkZJRgABAQAAAQABAAD/2wBDAAgGBgcGBQgHBwcJCQgKDBQNDAsLDBkSEw8UHRofHh0aHB
; wgJC4nICIsIxwcKDcpLDAxNDQ0Hyc5PTgyPC4zNDL/2wBDAQkJCQwLDBgNDRgyIRwhMjIyMjIyMjIy
; MjIyMjIyMjIyMjIyMjIyMjIyMjIyMjIyMjIyMjIyMjIyMjIyMjIyMjL/wAARCAC0AOYDASIAAhEBAx
; EB/8QAHwAAAQUBAQEBAQEAAAAAAAAAAAECAwQFBgcICQoL/8QAtRAAAgEDAwIEAwUFBAQAAAF9AQID
; AAQRBRIhMUEGE1FhByJxFDKBkaEII0KxwRVS0fAkM2JyggkKFhcYGRolJicoKSo0NTY3ODk6Q0RFRk
; dISUpTVFVWV1hZWmNkZWZnaGlqc3R1dnd4eXqDhIWGh4iJipKTlJWWl5iZmqKjpKWmp6ipqrKztLW2
; t7i5usLDxMXGx8jJytLT1NXW19jZ2uHi4+Tl5ufo6erx8vP09fb3+Pn6/8QAHwEAAwEBAQEBAQEBAQ
; AAAAAAAAECAwQFBgcICQoL/8QAtREAAgECBAQDBAcFBAQAAQJ3AAECAxEEBSExBhJBUQdhcRMiMoEI
; FEKRobHBCSMzUvAVYnLRChYkNOEl8RcYGRomJygpKjU2Nzg5OkNERUZHSElKU1RVVldYWVpjZGVmZ2
; hpanN0dXZ3eHl6goOEhYaHiImKkpOUlZaXmJmaoqOkpaanqKmqsrO0tba3uLm6wsPExcbHyMnK0tPU
; 1dbX2Nna4uPk5ebn6Onq8vP09fb3+Pn6/9oADAMBAAIRAxEAPwD5/ooooAKKKKACiiigAooooAKKKK
; ACiiigAooooAKKKKACiiigAooooAKKKKACiiigAooooAKKKKACiiigAooooAKKKKACiiigAooooAKK
; KKACiun0fwVfagqzXR+yQHkbhl2HsO34/lXbaf4Z0nTQDFarJIP+Wk3zt/gPwxWkabZwV8wo0tFq/I
; 8vtdI1G+ANtZTyKf4gh2/n0rVh8E63KMtBHF/vyj+ma9Soq1SR5882qv4Ukebj4faqRzcWY/4G3/xN
; MfwDq6/dktH+kh/qK9LoqvZRM/7TxHl9x5NceEtbt+TYs49Y2DfoDmsia3mt32TwyRP/AHXUqf1r3C
; op7aC6jMdxDHKh/hdQR+tS6S6G0M2mvjj9x4hRXpOp+BLC6BeydrWT+795Cfp1FcLqmjX2kTeXdwlQ
; fuuOVb6GspQcdz06GMpVtIvXsUKKKKk6gooooAKKKKACiiigAooooAKKKKACiiigAooooAKKKKAHxR
; STSpFEjPI5CqqjJJr0rw34Sh0tUurxVlveoHVYvp6n3/L3p+B9CWG3Gq3CZlkBEII+6vQn6n+X1rs6
; 3pw6s8LMMa3J0qb06hRRRWp5AUUUUAFFFFABRRRQAVFc20F3A0FxEssTDBVhkVLRQNNp3R5f4m8Lya
; O5ubbdJZMevUxn0Pt71zde4TQx3EDwzIHjcbWUjgivI9f0htG1WS25MR+eJj3U/wCcVhUhbVH0GX4x
; 1V7Oe6/Ey6KKKyPTCiiigAooooAKKKKACiiigAooooAKKKKACp7G2N7f29qvBlkVM+mTioK2PCoDeJ
; 7EH++T/wCOmmldmdWXLCUl0R6zFEkMKRRqFRFCqB2A6U+iius+QCiiigQUUUUAFFFFABRRRQAUUUUA
; Fcn4+sRNpEd4B89u+Ccfwtx/PFdZWN4rAPhi+z/cH/oQpSV4s6MLNxrRa7nklFFFch9YFFFFABRRRQ
; AUUUUAFFFFABRRRQAUUUUAFavht/L8RWT/AN18/oayq0dB/wCQ3a/7x/kacdzOt/Dl6M9jByMjpRVP
; T7gSReWx+dP1FXK6z5GUeV2CiiigkKKKKACiiigAooooAKKKZJKkKF5GCqO5oGPrnPF17EdCurdG3O
; QN2Og5FS3uqvNmODKR9z3P+Fc/rH/IJuf93+tRJ6HdhqDVSMpd0cTRRRXMfShRRRQAUUUUAFFFFABR
; RRQAUUUUAFFFFABVzSpRBqtrITgCQAn2PFU6OhoFJcyaPU45GicOhwRWzbXaXC+jjqtcrpF+uoafHL
; n94o2yD/aFXwxVtykgjoRXSmfNVaOri90dHRWXBqmPlnH/AAIVoxzRzLmNww9jVp3OSUJR3H0UUUEB
; RRRQAUUhIUEsQAOpNZF7q/WO2P1f/ChuxcIObsi7eahFaDB+aTsg/rWDc3Ut0+6RuOyjoKhJLEkkkn
; qTSVDdzup0ow9QrM16ZY9KlUkBnwqj15GabqWtxWWYowJJ/Tsv1/wrlbi5mupjLM5Zj69vpWcpLY9D
; D4eUmpvREVFFFZHphRRRQAUUUUAFFFFABRRRQAUUUUAFFFFABRRRQBoaRqkml3W8AtE3Eieo9frXeQ
; XEV1Cs0Lh0YZBFeZ11/hHmwn/66/0FaQfQ4MbSjy+06m+aaGKtlSQfUGnEUw1oeYi1HqNzHx5m4f7Q
; zU66xIPvRKfocVnUlO7JdOD6Gr/bQ7wH/vr/AOtTW1v0g/N//rVlmmmi7F7GHYnu7+a7OGO1B/COlV
; aO9FI2iklZBRQKWgZwuqf8hS5/66GqlW9U/wCQpc/9dDVSsHue3T+BBRRRSLCiiigAooooAKKKKACi
; iigAooooAKKKKACiiigArr/CP/HjP/11/oK5Cuu8IH/Q7hfSQH9KuG5y43+CzozUZFSGmGtjxkMpKW
; kNIoQ0004000DGGkFKaaKRQ4UtIKWmBwuqf8hS5/66GqlWtSIbU7oj/now/WqtYPc9yHwoKKKKRQUU
; UUAFFFFABRRRQAUUUUAFFFFABRRRQAUUUUAFb3hW8EGoPbucLOuB/vDp/WsGlVmRw6khlOQR2NNOzu
; RVgqkHF9T1A0w1l6LrKalCI5CFuUHzL/e9xWoa3TujwZQlCXLIZSGlpDQAhpppxppoGhhpopxpopFD
; qjubhLW2knf7qLn6+1PLBQWYgAckntXJ61q325/Jhz5CHr/fPr9KTdka0aTqSt0Mp3Mjs7csxyabRR
; WJ7IUUUUAFFFFABRRRQAUUUUAFFFFABRRRQAUUUUAFFFFABRRRQA5HaN1dGKspyCDgiuksPFJAEd8h
; P/TVB/Mf4VzNFNNrYzqUoVFaSPRbe8t7td0EySD2PI/CpTXmwJUggkEdxV2LWNQh+5dyH/eO7+dWp9
; zilgX9lndmmnpXGjxFqQGDKp9ygpj69qT5/wBI2j0CD/CnzohYKp3R2RrOutYs7QEGUSP/AHY+f/1V
; yc15c3H+tnkcehY4/KoKlz7G0MEvtM0NQ1i4v8of3cP9xT1+p71n0UVDdzsjFRVohRRRQUFFFFABRR
; RQAUUUUAFFFFABRRRQAUUUUAFFFFABRRRQAUUUUAFFFFABRRRQAUUUUAFFFFABRRRQAUUUUAFFFFAB
; RRRQAUUUUAFFFFABRRRQAUUUUAFFFFABRRRQAUUUUAFFFFABRRRQAUUUUAFFFFABRRRQAUUUUAFFFF
; ABRRRQAUUUUAFFFFAH/9k=
; thumbnail end
; THUMBNAIL_BLOCK_END

; external perimeters extrusion width = 0.45mm
; perimeters extrusion width = 0.45mm
; infill extrusion width = 0.45mm
; solid infill extrusion width = 0.45mm
; top infill extrusion width = 0.40mm
; support material extrusion width = 0.38mm
; first layer extrusion width = 0.42mm

; EXECUTABLE_BLOCK_START
M73 P0 R3
M201 X500 Y500 Z100 E5000
M203 X500 Y500 Z10 E60
M204 P500 R1000 T500
M205 X8.00 Y8.00 Z0.40 E5.00 ; sets the jerk limits, mm/sec
;TYPE:Custom
G90 ; use absolute coordinates
M83 ; extruder relative mode
M140 S60 ; set final bed temp
M104 S150 ; set temporary nozzle temp to prevent oozing during homing
G4 S10 ; allow partial nozzle warmup
G28 ; home all axis
G1 Z50 F240
G1 X10 Y10 F3000
M73 P12 R2
M104 S190 ; set final nozzle temp
M190 S60 ; wait for bed temp to stabilize
M109 S190 ; wait for nozzle temp to stabilize
G1 Z0.28 F240
G92 E0
G1 Y140 E10 F1500 ; prime the nozzle
M73 P19 R2
G1 X10.3 F5000
M73 P22 R2
G92 E0
G1 Y10 E10 F1200 ; prime the nozzle
G92 E0
G90
G21
M83 ; use relative distances for extrusion
; filament start gcode
M106 S0
;LAYER_CHANGE
;Z:0.28
;HEIGHT:0.28
;BEFORE_LAYER_CHANGE
;0.28
G92 E0

G1 E-1 F3600
M73 P25 R2
;_SET_FAN_SPEED_CHANGING_LAYER
G1 Z.68 F9000
G1 X102.774 Y102.774
G1 Z.68
M73 P26 R2
G1 Z.28
G1 E1 F2400
;TYPE:Skirt
;WIDTH:0.42
G1 F3000
G1 X103.934 Y101.614 E.06392
G1 X105.73 Y100.87 E.07574
G1 X114.27 Y100.87 E.33274
G1 X116.066 Y101.614 E.07574
G1 X118.386 Y103.934 E.12784
G1 X119.13 Y105.73 E.07574
G1 X119.13 Y114.27 E.33274
G1 X118.386 Y116.066 E.07574
G1 X116.066 Y118.386 E.12784
M73 P27 R2
G1 X114.27 Y119.13 E.07574
G1 X105.73 Y119.13 E.33274
G1 X103.934 Y118.386 E.07574
G1 X101.614 Y116.066 E.12784
G1 X100.87 Y114.27 E.07574
G1 X100.87 Y105.73 E.33274
G1 X101.614 Y103.934 E.07574
G1 X102.746 Y102.803 E.06236
G1 X103.001 Y103.057 F9000
G1 F3000
G1 X104.189 Y101.869 E.06548
G1 X105.73 Y101.23 E.06501
G1 X114.27 Y101.23 E.33274
G1 X115.811 Y101.869 E.06501
G1 X118.131 Y104.189 E.12784
G1 X118.77 Y105.73 E.06501
G1 X118.77 Y114.27 E.33274
G1 X118.131 Y115.811 E.06501
G1 X115.811 Y118.131 E.12784
G1 X114.27 Y118.77 E.06501
M73 P28 R2
G1 X105.73 Y118.77 E.33274
G1 X104.189 Y118.131 E.06501
G1 X101.869 Y115.811 E.12784
G1 X101.23 Y114.27 E.06501
G1 X101.23 Y105.73 E.33274
G1 X101.869 Y104.189 E.06501
G1 X102.972 Y103.085 E.0608
; printing object Button.stl id:140705128642256 copy 0
G1 E-.7 F3600
;WIPE_START
G1 F3000
G1 X103.679 Y102.378 E-.3
;WIPE_END
G1 Z.68 F9000
G1 X114.27 Y105.73 Z.68
G1 Z.28
G1 E1 F2400
;TYPE:Support
G1 F2100
G1 X116.59 Y105.73 E.09039
G1 X116.59 Y114.27 E.33274
G1 X114.27 Y114.27 E.09039
M73 P29 R2
G1 X114.27 Y116.59 E.09039
G1 X105.73 Y116.59 E.33274
G1 X105.73 Y114.27 E.09039
G1 X103.41 Y114.27 E.09039
G1 X103.41 Y105.73 E.33274
G1 X105.73 Y105.73 E.09039
G1 X105.73 Y103.41 E.09039
G1 X114.27 Y103.41 E.33274
G1 X114.27 Y105.676 E.08829
G1 X109.989 Y107.041 F9000
G1 F2100
M73 P30 R2
G1 X110.411 Y107.072 E.01648
G1 X110.779 Y107.155 E.01472
G1 X110.975 Y107.222 E.00808
G1 X111.351 Y107.401 E.0162
G1 X111.664 Y107.612 E.01471
G1 X111.834 Y107.756 E.00867
G1 X112.093 Y108.03 E.01472
G1 X112.219 Y108.195 E.0081
G1 X112.336 Y108.377 E.00839
G1 X112.504 Y108.714 E.0147
G1 X112.633 Y109.11 E.0162
G1 X112.674 Y109.314 E.0081
G1 X112.709 Y109.69 E.01472
G1 X112.686 Y110.111 E.01646
G1 X112.61 Y110.481 E.01471
G1 X112.543 Y110.687 E.00841
G1 X112.464 Y110.879 E.0081
G1 X112.279 Y111.217 E.01501
G1 X112.16 Y111.387 E.0081
G1 X111.906 Y111.677 E.015
G1 X111.584 Y111.95 E.01648
G1 X111.263 Y112.149 E.01471
G1 X111.068 Y112.241 E.00838
G1 X110.881 Y112.313 E.00782
G1 X110.501 Y112.414 E.01531
G1 X110.089 Y112.459 E.01618
G1 X109.888 Y112.458 E.00781
G1 X109.513 Y112.417 E.01471
G1 X109.104 Y112.308 E.01648
G1 X108.75 Y112.155 E.01501
G1 X108.564 Y112.049 E.00837
G1 X108.253 Y111.822 E.01501
G1 X108.104 Y111.687 E.00781
G1 X107.83 Y111.375 E.01619
G1 X107.622 Y111.051 E.01501
G1 X107.53 Y110.865 E.00808
G1 X107.397 Y110.503 E.01501
G1 X107.347 Y110.302 E.00809
G1 X107.294 Y109.897 E.01591
G1 X107.291 Y109.689 E.0081
G1 X107.326 Y109.313 E.01471
G1 X107.426 Y108.902 E.01648
G1 X107.569 Y108.553 E.01472
G1 X107.668 Y108.37 E.00808
G1 X107.785 Y108.19 E.00839
G1 X108.023 Y107.897 E.01471
G1 X108.336 Y107.612 E.01648
G1 X108.656 Y107.398 E.01501
G1 X108.847 Y107.298 E.00839
G1 X109.199 Y107.162 E.01471
G1 X109.393 Y107.11 E.00781
G1 X109.612 Y107.069 E.0087
G1 X109.935 Y107.043 E.01261
G1 E-.7 F3600
;WIPE_START
G1 F2100
G1 X109.612 Y107.069 E-.09709
G1 X109.393 Y107.11 E-.06701
G1 X109.199 Y107.162 E-.06012
G1 X108.964 Y107.253 E-.07578
;WIPE_END
G1 Z.68 F9000
G1 X115.999 Y114.108 Z.68
G1 Z.28
G1 E1 F2400
G1 F2100
G1 X115.999 Y106.054 E.31381
G1 X115.599 Y106.054 E.01558
G1 X115.599 Y113.946 E.3075
G1 X115.199 Y113.946 E.01558
G1 X115.199 Y106.054 E.3075
G1 X114.799 Y106.054 E.01558
M73 P31 R2
G1 X114.799 Y113.946 E.3075
G1 X114.399 Y113.946 E.01558
G1 X114.399 Y106.054 E.3075
G1 X113.999 Y106.054 E.01558
G1 X113.999 Y113.946 E.3075
G1 X113.946 Y113.946 E.00207
G1 X113.946 Y116.266 E.09039
G1 X113.599 Y116.266 E.01351
G1 X113.599 Y103.734 E.48829
G1 X113.199 Y103.734 E.01558
G1 X113.199 Y116.266 E.48829
G1 X112.799 Y116.266 E.01558
M73 P32 R2
G1 X112.799 Y110.916 E.20844
G1 X112.655 Y111.218 E.01305
G1 X112.399 Y111.606 E.0181
G1 X112.399 Y116.266 E.18156
G1 X112 Y116.266 E.01558
G1 X112 Y112.031 E.16499
G1 X111.6 Y112.329 E.01942
G1 X111.6 Y116.266 E.15341
G1 X111.2 Y116.266 E.01558
G1 X111.2 Y112.537 E.14528
G1 X110.8 Y112.677 E.0165
G1 X110.8 Y116.266 E.13984
G1 X110.4 Y116.266 E.01558
G1 X110.4 Y112.757 E.13671
G1 X110 Y112.783 E.01561
G1 X110 Y116.266 E.1357
G1 X109.6 Y116.266 E.01558
G1 X109.6 Y112.757 E.13671
M73 P33 R2
G1 X109.2 Y112.677 E.01589
G1 X109.2 Y116.266 E.13984
G1 X108.8 Y116.266 E.01558
G1 X108.8 Y112.537 E.14528
G1 X108.4 Y112.329 E.01758
G1 X108.4 Y116.266 E.15341
G1 X108 Y116.266 E.01558
G1 X108 Y112.031 E.16499
G1 X107.732 Y111.766 E.01472
G1 X107.601 Y111.606 E.00805
G1 X107.601 Y116.266 E.18156
G1 X107.201 Y116.266 E.01558
G1 X107.201 Y110.916 E.20843
G1 X107.087 Y110.598 E.01317
G1 X107.025 Y110.347 E.0101
G1 X106.972 Y109.937 E.0161
G1 X106.966 Y109.704 E.00905
G1 X106.981 Y109.454 E.00979
G1 X107.049 Y109.046 E.01609
G1 X107.201 Y108.581 E.01905
G1 X107.201 Y103.734 E.18887
G1 X107.601 Y103.734 E.01558
G1 X107.601 Y107.896 E.16217
G1 X107.784 Y107.679 E.01108
G1 X108 Y107.47 E.01171
G1 X108 Y103.734 E.14558
G1 X108.4 Y103.734 E.01558
M73 P34 R2
G1 X108.4 Y107.175 E.13406
G1 X108.8 Y106.966 E.01758
G1 X108.8 Y103.734 E.12592
G1 X109.2 Y103.734 E.01558
G1 X109.2 Y106.826 E.12046
G1 X109.6 Y106.744 E.0159
G1 X109.6 Y103.734 E.11728
G1 X110 Y103.734 E.01558
G1 X110 Y106.717 E.11622
G1 X110.4 Y106.744 E.01562
G1 X110.4 Y103.734 E.11729
G1 X110.8 Y103.734 E.01558
G1 X110.8 Y106.826 E.12046
G1 X111.2 Y106.966 E.01651
M73 P34 R1
G1 X111.2 Y103.734 E.12592
G1 X111.6 Y103.734 E.01558
G1 X111.6 Y107.175 E.13406
G1 X112 Y107.471 E.01939
G1 X112 Y103.734 E.14559
G1 X112.399 Y103.734 E.01558
G1 X112.399 Y107.897 E.16219
G1 X112.617 Y108.217 E.01508
M73 P35 R1
G1 X112.799 Y108.581 E.01589
G1 X112.799 Y103.572 E.19518
G1 E-.7 F3600
;WIPE_START
G1 F2100
G1 X112.799 Y104.572 E-.3
;WIPE_END
G1 Z.68 F9000
G1 X106.801 Y116.428 Z.68
G1 Z.28
G1 E1 F2400
G1 F2100
G1 X106.801 Y103.734 E.4946
G1 X106.401 Y103.734 E.01558
G1 X106.401 Y116.266 E.48829
G1 X106.054 Y116.266 E.01351
M73 P36 R1
G1 X106.054 Y113.946 E.09039
G1 X106.001 Y113.946 E.00207
G1 X106.001 Y106.054 E.3075
G1 X105.601 Y106.054 E.01558
G1 X105.601 Y113.946 E.3075
G1 X105.201 Y113.946 E.01558
G1 X105.201 Y106.054 E.3075
G1 X104.801 Y106.054 E.01558
G1 X104.801 Y113.946 E.3075
G1 X104.401 Y113.946 E.01558
G1 X104.401 Y106.054 E.3075
G1 X104.001 Y106.054 E.01558
G1 X104.001 Y114.108 E.31381
G1 E-.7 F3600
M73 P37 R1
;WIPE_START
G1 F2100
G1 X104.001 Y113.108 E-.3
;WIPE_END
G1 Z.68 F9000
G1 X111.503 Y108.482 Z.68
G1 Z.28
G1 E1 F2400
;TYPE:Outer wall
;WIDTH:0.42
G1 F900
G1 X111.713 Y108.741 E.01297
G1 X111.889 Y109.131 E.01668
G1 X111.987 Y109.711 E.02295
G1 X111.93 Y110.157 E.01751
G1 X111.813 Y110.567 E.01661
G1 X111.492 Y111.065 E.02308
G1 X111.042 Y111.444 E.02295
G1 X110.649 Y111.631 E.01693
G1 X110.169 Y111.72 E.01902
G1 X109.717 Y111.707 E.01762
G1 X109.217 Y111.579 E.0201
G1 X108.714 Y111.267 E.02308
G1 X108.326 Y110.823 E.02295
G1 X108.222 Y110.615 E.00905
G1 X108.082 Y110.228 E.01608
G1 X108.012 Y109.718 E.02004
G1 X108.11 Y109.134 E.02308
G1 X108.374 Y108.607 E.02297
G1 X108.529 Y108.43 E.00916
G1 X108.846 Y108.146 E.0166
G1 X109.224 Y107.933 E.01691
G1 X109.707 Y107.784 E.01966
G1 X110.291 Y107.789 E.02279
G1 X110.853 Y107.955 E.02281
G1 X111.341 Y108.284 E.02293
G1 X111.478 Y108.451 E.00843
G1 X111.223 Y108.709 F9000
;TYPE:Inner wall
G1 F900
G1 X111.404 Y108.932 E.01116
G1 X111.542 Y109.237 E.01305
G1 X111.624 Y109.719 E.01904
G1 X111.525 Y110.309 E.02334
G1 X111.219 Y110.824 E.02334
G1 X110.845 Y111.139 E.01905
G1 X110.416 Y111.32 E.01814
M73 P38 R1
G1 X109.937 Y111.376 E.01879
G1 X109.484 Y111.291 E.01795
G1 X108.949 Y110.989 E.02393
G1 X108.627 Y110.621 E.01905
G1 X108.474 Y110.313 E.01343
G1 X108.38 Y109.855 E.0182
G1 X108.456 Y109.247 E.0239
G1 X108.675 Y108.809 E.01906
G1 X109.036 Y108.453 E.01978
G1 X109.355 Y108.268 E.01437
G1 X109.753 Y108.142 E.01626
G1 X110.238 Y108.145 E.01891
G1 X110.691 Y108.279 E.01839
G1 X111.096 Y108.552 E.01902
G1 X111.198 Y108.678 E.00634
G1 X110.457 Y108.313 F9000
;TYPE:Bottom surface
;WIDTH:0.4425
G1 F2100
G1 X110.97 Y108.825 E.03
G1 X111.172 Y109.075 E.01331
G1 X111.282 Y109.316 E.01097
G1 X111.348 Y109.744 E.01794
G1 X110.006 Y108.403 E.07855
G1 X109.788 Y108.411 E.00904
G1 X109.544 Y108.481 E.01053
G1 X111.273 Y110.21 E.10127
G1 X111.246 Y110.284 E.00326
G1 X111.074 Y110.551 E.01317
G1 X109.194 Y108.672 E.11005
G1 X109.088 Y108.748 E.00539
G1 X108.92 Y108.939 E.01053
G1 X110.803 Y110.822 E.11022
G1 X110.698 Y110.911 E.0057
G1 X110.463 Y111.022 E.01077
G1 X108.734 Y109.294 E.10118
G1 X108.646 Y109.746 E.01907
G1 X110 Y111.101 E.07933
G1 X109.641 Y111.059 E.01497
G1 X109.49 Y111.007 E.00664
G1 X109.163 Y110.804 E.01593
G1 X108.557 Y110.198 E.03548
; stop printing object Button.stl id:140705128642256 copy 0
M106 S255
;LAYER_CHANGE
;Z:0.56
;HEIGHT:0.28
;BEFORE_LAYER_CHANGE
;0.56
G92 E0

G1 E-.7 F3600
;WIPE_START
G1 F2100
G1 X109.163 Y110.804 E-.25712
G1 X109.284 Y110.879 E-.04288
;WIPE_END
;_SET_FAN_SPEED_CHANGING_LAYER
G1 Z.96 F9000
G1 X109.284 Y119.13 Z.96
G1 Z.56
M73 P39 R1
G1 E1 F2400
;TYPE:Skirt
;WIDTH:0.42
G1 F3000
G1 X105.73 Y119.13 E.13847
G1 X103.934 Y118.386 E.07574
G1 X101.614 Y116.066 E.12784
G1 X100.87 Y114.27 E.07574
G1 X100.87 Y105.73 E.33274
G1 X101.614 Y103.934 E.07574
G1 X103.934 Y101.614 E.12784
G1 X105.73 Y100.87 E.07574
G1 X114.27 Y100.87 E.33274
G1 X116.066 Y101.614 E.07574
G1 X118.386 Y103.934 E.12784
G1 X119.13 Y105.73 E.07574
G1 X119.13 Y114.27 E.33274
G1 X118.386 Y116.066 E.07574
G1 X116.066 Y118.386 E.12784
M73 P40 R1
G1 X114.27 Y119.13 E.07574
G1 X109.324 Y119.13 E.19271
G1 X109.324 Y118.77 F9000
G1 F3000
G1 X105.73 Y118.77 E.14003
G1 X104.189 Y118.131 E.06501
G1 X101.869 Y115.811 E.12784
G1 X101.23 Y114.27 E.06501
G1 X101.23 Y105.73 E.33274
G1 X101.869 Y104.189 E.06501
G1 X104.189 Y101.869 E.12784
G1 X105.73 Y101.23 E.06501
G1 X114.27 Y101.23 E.33274
G1 X115.811 Y101.869 E.06501
G1 X118.131 Y104.189 E.12784
G1 X118.77 Y105.73 E.06501
G1 X118.77 Y114.27 E.33274
G1 X118.131 Y115.811 E.06501
G1 X115.811 Y118.131 E.12784
G1 X114.27 Y118.77 E.06501
M73 P41 R1
G1 X109.364 Y118.77 E.19115
; printing object Button.stl id:140705128642256 copy 0
G1 E-.7 F3600
;WIPE_START
G1 F3000
G1 X108.364 Y118.77 E-.3
;WIPE_END
G1 Z.96 F9000
G1 X111.548 Y108.405 Z.96
G1 Z.56
G1 E1 F2400
;TYPE:Outer wall
;WIDTH:0.45
G1 X111.789 Y108.703 E.01617
G1 X111.968 Y109.098 E.01826
G1 X112.072 Y109.703 E.02595
G1 X111.996 Y110.309 E.02578
G1 X111.747 Y110.867 E.02577
G1 X111.343 Y111.33 E.02595
G1 X110.964 Y111.587 E.01931
G1 X110.464 Y111.76 E.02236
G1 X109.921 Y111.823 E.02305
G1 X109.315 Y111.707 E.02607
G1 X108.774 Y111.422 E.02577
G1 X108.341 Y110.993 E.02578
G1 X108.051 Y110.455 E.02577
G1 X107.93 Y109.857 E.02577
G1 X107.99 Y109.245 E.02595
G1 X108.138 Y108.838 E.01826
G1 X108.49 Y108.33 E.0261
G1 X108.834 Y108.037 E.01906
G1 X109.151 Y107.884 E.01485
G1 X109.563 Y107.73 E.01857
G1 X110.144 Y107.682 E.02463
G1 X110.457 Y107.739 E.01342
G1 X110.892 Y107.879 E.01928
G1 X111.403 Y108.225 E.02607
G1 X111.523 Y108.374 E.00808
G1 X111.245 Y108.65 F9000
;TYPE:Inner wall
G1 F3600
G1 X111.455 Y108.91 E.01407
G1 X111.592 Y109.213 E.01406
G1 X111.678 Y109.712 E.02139
G1 X111.616 Y110.203 E.02087
G1 X111.414 Y110.654 E.02087
G1 X111.082 Y111.036 E.02136
G1 X110.776 Y111.243 E.0156
G1 X110.432 Y111.367 E.01545
G1 X109.951 Y111.432 E.02047
G1 X109.445 Y111.335 E.02174
G1 X109.008 Y111.104 E.02087
G1 X108.656 Y110.756 E.02087
G1 X108.422 Y110.321 E.02087
G1 X108.324 Y109.836 E.02087
G1 X108.373 Y109.332 E.02139
G1 X108.487 Y109.019 E.01406
G1 X108.782 Y108.594 E.02186
G1 X109.048 Y108.366 E.01478
G1 X109.523 Y108.138 E.02221
G1 X109.857 Y108.083 E.0143
G1 X110.284 Y108.104 E.01807
G1 X110.71 Y108.226 E.0187
G1 X111.136 Y108.515 E.02174
G1 X111.22 Y108.619 E.00563
M73 P42 R1
G1 X110.034 Y109.688 F9000
;TYPE:Internal solid infill
;WIDTH:0.645074
G1 F3000
G1 X109.961 Y109.688 E.00463
G1 X109.924 Y109.751 E.00463
G1 X109.961 Y109.814 E.00463
G1 X110.034 Y109.814 E.00463
G1 X110.05 Y109.786 E.0021
G1 X109.983 Y110.247 F9000
;WIDTH:0.45
G1 F3000
G1 X110.252 Y110.167 E.01182
G1 X110.418 Y110.018 E.00943
G1 X110.487 Y109.811 E.0092
G1 X110.451 Y109.528 E.01203
G1 X110.213 Y109.303 E.01381
G1 X109.939 Y109.267 E.01169
G1 X109.692 Y109.355 E.01106
G1 X109.521 Y109.611 E.013
G1 X109.534 Y109.919 E.01302
G1 X109.707 Y110.151 E.0122
G1 X109.945 Y110.234 E.01065
G1 X109.976 Y110.642 F9000
G1 F3000
G1 X110.292 Y110.593 E.01351
G1 X110.575 Y110.431 E.01377
G1 X110.75 Y110.23 E.01124
G1 X110.857 Y109.991 E.01107
G1 X110.852 Y109.51 E.0203
G1 X110.785 Y109.322 E.0084
G1 X110.602 Y109.096 E.01228
G1 X110.375 Y108.942 E.01158
G1 X110.06 Y108.862 E.01375
G1 X109.749 Y108.895 E.01318
G1 X109.421 Y109.073 E.01575
G1 X109.185 Y109.381 E.01639
G1 X109.111 Y109.796 E.0178
G1 X109.163 Y110.053 E.01107
G1 X109.287 Y110.284 E.01107
G1 X109.474 Y110.468 E.01107
G1 X109.706 Y110.591 E.01107
G1 X109.937 Y110.635 E.00993
G1 X109.969 Y111.038 F9000
G1 F3000
G1 X110.424 Y110.967 E.01943
G1 X110.826 Y110.736 E.01959
G1 X111.082 Y110.442 E.01646
G1 X111.237 Y110.097 E.01597
G1 X111.284 Y109.721 E.01597
G1 X111.168 Y109.222 E.02164
G1 X110.869 Y108.806 E.02164
G1 X110.538 Y108.581 E.01692
G1 X110.088 Y108.467 E.01958
G1 X109.641 Y108.514 E.01897
G1 X109.168 Y108.776 E.02283
G1 X108.836 Y109.2 E.02272
G1 X108.745 Y109.536 E.01467
G1 X108.717 Y109.816 E.01191
G1 X108.792 Y110.187 E.01597
G1 X108.972 Y110.52 E.01597
G1 X109.241 Y110.786 E.01597
G1 X109.575 Y110.963 E.01597
G1 X109.93 Y111.031 E.01524
; stop printing object Button.stl id:140705128642256 copy 0
;LAYER_CHANGE
;Z:0.605556
;HEIGHT:0.0455555
;BEFORE_LAYER_CHANGE
;0.605556
G92 E0

G1 E-.7 F3600
;WIPE_START
G1 F3000
G1 X109.575 Y110.963 E-.10832
G1 X109.241 Y110.786 E-.11349
G1 X109.055 Y110.603 E-.07819
;WIPE_END
;_SET_FAN_SPEED_CHANGING_LAYER
; printing object Button.stl id:140705128642256 copy 0
G1 Z1.006 F9000
G1 X108.72 Y112.252 Z1.006
G1 Z.606
G1 E1 F2400
;TYPE:Support
;WIDTH:0.38
;HEIGHT:0.325556
G1 X108.496 Y112.124 E.01007
G1 X108.162 Y111.876 E.01624
G1 X107.89 Y111.606 E.01494
G1 X107.65 Y111.291 E.01547
G1 X107.453 Y110.937 E.01584
G1 X107.352 Y110.689 E.01043
G1 X107.253 Y110.34 E.01417
G1 X107.203 Y110 E.0134
G1 X105.36 Y110 E.07195
G1 X105.36 Y107.68 E.09057
G1 X108.101 Y107.68 E.10701
M73 P43 R1
G1 X108.432 Y107.419 E.01645
G1 X108.636 Y107.294 E.00933
G1 X108.988 Y107.13 E.01515
G1 X109.353 Y107.017 E.01493
G1 X109.588 Y106.971 E.00934
G1 X109.997 Y106.941 E.01603
G1 X110.443 Y106.976 E.01747
G1 X110.793 Y107.055 E.01399
G1 X111.013 Y107.13 E.00909
G1 X111.231 Y107.225 E.00926
G1 X111.542 Y107.402 E.01395
G1 X111.899 Y107.68 E.01769
G1 X114.64 Y107.68 E.10699
G1 X114.64 Y110 E.09057
G1 X112.797 Y110 E.07193
G1 X112.748 Y110.338 E.01334
G1 X112.648 Y110.689 E.01424
G1 X112.547 Y110.937 E.01043
G1 X112.362 Y111.273 E.015
G1 X112.109 Y111.607 E.01635
G1 X111.838 Y111.876 E.01493
G1 X111.63 Y112.04 E.01032
G1 X111.28 Y112.251 E.01596
G1 X112.32 Y112.576 F9000
G1 F2400
G1 X112.32 Y114.64 E.08057
G1 X107.68 Y114.64 E.18113
G1 X107.68 Y112.576 E.08057
G1 X105.36 Y110.16 F9000
G1 F2400
G1 X105.36 Y112.32 E.08432
G1 X108.864 Y112.32 E.1368
G1 X109.081 Y112.406 E.00912
G1 X109.487 Y112.513 E.01637
G1 X109.71 Y112.546 E.00878
G1 X110.082 Y112.559 E.01455
G1 X110.342 Y112.54 E.01015
G1 X110.692 Y112.474 E.01391
G1 X111.135 Y112.32 E.01833
G1 X114.64 Y112.32 E.13681
G1 X114.64 Y110.16 E.08432
G1 X112.32 Y107.456 F9000
M73 P44 R1
G1 F2400
G1 X112.32 Y105.36 E.08181
G1 X107.68 Y105.36 E.18113
G1 X107.68 Y107.455 E.0818
; stop printing object Button.stl id:140705128642256 copy 0
;LAYER_CHANGE
;Z:0.84
;HEIGHT:0.234444
;BEFORE_LAYER_CHANGE
;0.84
G92 E0

G1 E-.7 F3600
;WIPE_START
G1 F2400
G1 X107.68 Y106.455 E-.3
;WIPE_END
;_SET_FAN_SPEED_CHANGING_LAYER
; printing object Button.stl id:140705128642256 copy 0
G1 Z1.24 F9000
G1 X111.52 Y108.379 Z1.24
G1 Z.84
G1 E1 F2400
;TYPE:Outer wall
;WIDTH:0.45
;HEIGHT:0.28
G1 X111.706 Y108.583 E.01165
G1 X111.965 Y109.091 E.02409
G1 X112.072 Y109.697 E.02596
G1 X112.016 Y110.149 E.01921
G1 X111.885 Y110.614 E.0204
G1 X111.545 Y111.133 E.02621
G1 X111.209 Y111.435 E.01906
G1 X110.658 Y111.717 E.02611
G1 X110.249 Y111.809 E.0177
G1 X109.634 Y111.791 E.02596
G1 X109.269 Y111.668 E.01627
G1 X108.895 Y111.498 E.01735
G1 X108.456 Y111.134 E.02409
G1 X108.118 Y110.619 E.02596
G1 X107.946 Y110.029 E.02595
G1 X107.934 Y109.575 E.01919
G1 X108.088 Y108.965 E.02654
G1 X108.38 Y108.457 E.02478
G1 X108.832 Y108.039 E.02596
G1 X109.157 Y107.881 E.01527
G1 X109.565 Y107.73 E.01835
G1 X110.138 Y107.682 E.02426
G1 X110.585 Y107.762 E.0192
G1 X111.143 Y108.022 E.02595
G1 X111.429 Y108.279 E.01627
G1 X111.493 Y108.35 E.00402
G1 X111.237 Y108.658 F9000
;TYPE:Inner wall
G1 F3600
G1 X111.386 Y108.807 E.00889
G1 X111.59 Y109.207 E.01898
G1 X111.678 Y109.707 E.02143
G1 X111.629 Y110.101 E.01676
G1 X111.535 Y110.438 E.01476
G1 X111.247 Y110.877 E.02217
G1 X110.986 Y111.111 E.01478
G1 X110.524 Y111.347 E.0219
G1 X110.211 Y111.418 E.01355
G1 X109.704 Y111.403 E.02143
G1 X109.1 Y111.166 E.02737
G1 X108.755 Y110.879 E.01898
M73 P45 R1
G1 X108.476 Y110.454 E.02143
G1 X108.334 Y109.969 E.02136
G1 X108.325 Y109.608 E.01522
G1 X108.449 Y109.113 E.02155
G1 X108.681 Y108.709 E.01967
G1 X109.054 Y108.364 E.02143
G1 X109.517 Y108.14 E.0217
G1 X109.946 Y108.079 E.01831
G1 X110.467 Y108.137 E.0221
G1 X110.925 Y108.351 E.02136
G1 X111.208 Y108.63 E.01679
G1 X110.037 Y109.688 F9000
;TYPE:Internal solid infill
;WIDTH:0.646565
G1 F3000
G1 X109.964 Y109.688 E.00465
G1 X109.927 Y109.751 E.00465
G1 X109.964 Y109.815 E.00465
G1 X110.037 Y109.815 E.00465
G1 X110.054 Y109.786 E.00211
G1 X109.913 Y110.239 F9000
;WIDTH:0.45
G1 F3000
G1 X110.134 Y110.233 E.00937
G1 X110.364 Y110.089 E.01143
G1 X110.473 Y109.924 E.00835
G1 X110.47 Y109.592 E.014
G1 X110.326 Y109.384 E.01068
G1 X110.088 Y109.257 E.01136
G1 X109.855 Y109.276 E.00985
G1 X109.613 Y109.441 E.01237
G1 X109.498 Y109.708 E.01229
G1 X109.55 Y109.959 E.0108
G1 X109.706 Y110.141 E.01013
G1 X109.876 Y110.222 E.00796
G1 X109.843 Y110.627 F9000
G1 F3000
G1 X110.257 Y110.608 E.01749
G1 X110.595 Y110.414 E.01647
G1 X110.843 Y110.059 E.01824
G1 X110.867 Y109.601 E.01937
G1 X110.766 Y109.322 E.01255
G1 X110.586 Y109.094 E.01224
G1 X110.296 Y108.918 E.01435
G1 X110.077 Y108.859 E.00957
G1 X109.746 Y108.896 E.01404
G1 X109.498 Y109.016 E.01161
G1 X109.301 Y109.199 E.01137
G1 X109.122 Y109.597 E.01842
G1 X109.111 Y109.847 E.01058
G1 X109.192 Y110.124 E.01217
G1 X109.34 Y110.35 E.01141
G1 X109.582 Y110.539 E.01294
G1 X109.805 Y110.614 E.00995
G1 X109.773 Y111.015 F9000
G1 F3000
G1 X110.282 Y111.002 E.02148
G1 X110.763 Y110.787 E.02225
G1 X111.016 Y110.517 E.01562
G1 X111.234 Y110.126 E.01889
G1 X111.284 Y109.717 E.01736
G1 X111.216 Y109.331 E.01658
G1 X111.006 Y108.947 E.01846
G1 X110.708 Y108.679 E.0169
G1 X110.226 Y108.49 E.02187
G1 X109.861 Y108.491 E.01541
G1 X109.636 Y108.516 E.00953
G1 X109.276 Y108.69 E.01689
G1 X108.988 Y108.957 E.01657
G1 X108.772 Y109.358 E.01925
G1 X108.719 Y109.764 E.01729
G1 X108.782 Y110.11 E.01483
G1 X108.834 Y110.289 E.00787
G1 X109.05 Y110.617 E.01658
G1 X109.394 Y110.887 E.01846
G1 X109.736 Y111.002 E.01521
; stop printing object Button.stl id:140705128642256 copy 0
;LAYER_CHANGE
;Z:0.931111
;HEIGHT:0.0911111
;BEFORE_LAYER_CHANGE
;0.931111
G92 E0

G1 E-.7 F3600
;WIPE_START
G1 F3000
G1 X109.394 Y110.887 E-.10811
G1 X109.05 Y110.617 E-.13121
G1 X108.939 Y110.448 E-.06068
;WIPE_END
;_SET_FAN_SPEED_CHANGING_LAYER
; printing object Button.stl id:140705128642256 copy 0
G1 Z1.331 F9000
G1 X108.72 Y112.252 Z1.331
G1 Z.931
G1 E1 F2400
;TYPE:Support
;WIDTH:0.38
;HEIGHT:0.325556
G1 X108.489 Y112.119 E.01041
G1 X108.158 Y111.873 E.0161
M73 P46 R1
G1 X107.864 Y111.576 E.01631
G1 X107.633 Y111.265 E.01515
G1 X107.456 Y110.944 E.01429
G1 X107.35 Y110.685 E.01091
G1 X107.252 Y110.338 E.01408
G1 X107.204 Y110 E.01334
G1 X105.36 Y110 E.07197
G1 X105.36 Y107.68 E.09057
G1 X108.102 Y107.68 E.10703
G1 X108.294 Y107.519 E.00979
G1 X108.577 Y107.328 E.01335
G1 X108.975 Y107.135 E.01725
G1 X109.373 Y107.012 E.01628
G1 X109.624 Y106.966 E.00994
G1 X109.989 Y106.941 E.01429
G1 X110.451 Y106.978 E.01811
G1 X110.786 Y107.053 E.0134
G1 X111.023 Y107.134 E.00978
G1 X111.241 Y107.23 E.00929
G1 X111.542 Y107.402 E.01351
G1 X111.899 Y107.68 E.01769
G1 X114.64 Y107.68 E.107
G1 X114.64 Y110 E.09057
G1 X112.797 Y110 E.07193
G1 X112.754 Y110.307 E.01211
G1 X112.648 Y110.689 E.01547
G1 X112.543 Y110.945 E.0108
G1 X112.367 Y111.265 E.01424
G1 X112.134 Y111.578 E.01526
G1 X111.844 Y111.871 E.01609
G1 X111.62 Y112.046 E.01108
G1 X111.279 Y112.251 E.01555
G1 X112.32 Y112.576 F9000
G1 F2400
G1 X112.32 Y114.64 E.08057
G1 X107.68 Y114.64 E.18113
G1 X107.68 Y112.576 E.08057
G1 X105.36 Y110.16 F9000
G1 F2400
G1 X105.36 Y112.32 E.08432
G1 X108.865 Y112.32 E.13682
G1 X109.072 Y112.403 E.00871
G1 X109.449 Y112.506 E.01525
M73 P47 R1
G1 X109.678 Y112.542 E.00906
G1 X110.066 Y112.56 E.01514
G1 X110.551 Y112.506 E.01906
G1 X110.88 Y112.419 E.01329
G1 X111.135 Y112.32 E.01066
G1 X114.64 Y112.32 E.13684
G1 X114.64 Y110.16 E.08432
G1 X112.32 Y107.456 F9000
G1 F2400
G1 X112.32 Y105.36 E.0818
G1 X107.68 Y105.36 E.18113
G1 X107.68 Y107.455 E.08179
; stop printing object Button.stl id:140705128642256 copy 0
;LAYER_CHANGE
;Z:1.12
;HEIGHT:0.188889
;BEFORE_LAYER_CHANGE
;1.12
G92 E0

G1 E-.7 F3600
;WIPE_START
G1 F2400
G1 X107.68 Y106.455 E-.3
;WIPE_END
;_SET_FAN_SPEED_CHANGING_LAYER
; printing object Button.stl id:140705128642256 copy 0
G1 Z1.52 F9000
G1 X111.504 Y108.35 Z1.52
G1 Z1.12
G1 E1 F2400
;TYPE:Outer wall
;WIDTH:0.45
;HEIGHT:0.28
G1 X111.796 Y108.715 E.01972
G1 X111.979 Y109.131 E.01921
G1 X112.066 Y109.713 E.02481
G1 X112.001 Y110.293 E.02464
G1 X111.753 Y110.856 E.02597
G1 X111.352 Y111.322 E.02595
G1 X110.976 Y111.58 E.01928
G1 X110.465 Y111.761 E.02289
G1 X109.908 Y111.822 E.02366
G1 X109.303 Y111.702 E.02604
G1 X108.761 Y111.412 E.02595
G1 X108.577 Y111.242 E.01057
G1 X108.311 Y110.935 E.01716
G1 X108.048 Y110.449 E.02332
G1 X107.929 Y109.84 E.02619
G1 X107.959 Y109.39 E.01906
G1 X108.156 Y108.803 E.02613
G1 X108.278 Y108.614 E.00949
G1 X108.615 Y108.208 E.02226
G1 X109.13 Y107.87 E.02604
G1 X109.721 Y107.697 E.02597
G1 X109.942 Y107.688 E.00936
G1 X110.432 Y107.734 E.02074
G1 X110.904 Y107.885 E.02092
M73 P48 R1
G1 X111.412 Y108.234 E.02604
G1 X111.479 Y108.318 E.00455
G1 X111.199 Y108.593 F9000
;TYPE:Inner wall
G1 F3600
G1 X111.459 Y108.918 E.01758
G1 X111.605 Y109.251 E.01533
G1 X111.676 Y109.72 E.02003
G1 X111.625 Y110.18 E.01955
G1 X111.42 Y110.646 E.02147
G1 X111.09 Y111.029 E.02136
G1 X110.787 Y111.237 E.01553
G1 X110.408 Y111.374 E.017
G1 X109.939 Y111.431 E.01995
G1 X109.435 Y111.331 E.02166
G1 X108.989 Y111.093 E.02136
G1 X108.63 Y110.712 E.02209
G1 X108.422 Y110.33 E.01837
G1 X108.321 Y109.815 E.02213
G1 X108.344 Y109.466 E.01478
G1 X108.454 Y109.141 E.01449
G1 X108.606 Y108.825 E.01477
G1 X108.867 Y108.509 E.01731
G1 X109.296 Y108.227 E.02166
G1 X109.784 Y108.084 E.02147
G1 X110.249 Y108.098 E.01964
G1 X110.721 Y108.232 E.0207
G1 X111.144 Y108.523 E.02166
G1 X111.175 Y108.561 E.00209
G1 X110.036 Y109.687 F9000
;TYPE:Internal solid infill
;WIDTH:0.644805
G1 F3000
G1 X109.963 Y109.687 E.00463
G1 X109.926 Y109.75 E.00463
G1 X109.963 Y109.813 E.00463
G1 X110.036 Y109.813 E.00463
G1 X110.052 Y109.785 E.00209
G1 X109.902 Y110.231 F9000
;WIDTH:0.45
G1 F3000
G1 X110.019 Y110.254 E.00504
G1 X110.317 Y110.134 E.01356
G1 X110.491 Y109.852 E.01398
G1 X110.436 Y109.511 E.01457
G1 X110.238 Y109.319 E.01166
G1 X110.023 Y109.246 E.00956
G1 X109.792 Y109.301 E.01003
G1 X109.607 Y109.46 E.0103
G1 X109.5 Y109.718 E.01177
G1 X109.575 Y109.989 E.01189
G1 X109.695 Y110.144 E.00826
G1 X109.865 Y110.216 E.0078
G1 X110.075 Y110.645 F9000
G1 F3000
G1 X110.504 Y110.485 E.01936
G1 X110.753 Y110.225 E.01518
G1 X110.881 Y109.897 E.01488
G1 X110.848 Y109.467 E.01822
G1 X110.687 Y109.2 E.01315
G1 X110.458 Y108.998 E.01288
G1 X110.229 Y108.886 E.01077
G1 X109.91 Y108.86 E.01351
G1 X109.627 Y108.943 E.01246
G1 X109.397 Y109.094 E.0116
G1 X109.211 Y109.337 E.01294
G1 X109.111 Y109.692 E.01555
G1 X109.164 Y110.06 E.01568
G1 X109.393 Y110.403 E.0174
G1 X109.701 Y110.589 E.01519
G1 X110.035 Y110.639 E.01428
G1 X110.05 Y111.036 F9000
G1 F3000
G1 X110.606 Y110.888 E.0243
G1 X110.908 Y110.642 E.01645
G1 X111.086 Y110.435 E.01153
G1 X111.266 Y109.962 E.02139
G1 X111.256 Y109.587 E.0158
G1 X111.228 Y109.362 E.00957
G1 X111.046 Y109.025 E.01618
G1 X110.875 Y108.811 E.01156
G1 X110.449 Y108.545 E.0212
G1 X110.077 Y108.464 E.01607
G1 X109.689 Y108.518 E.01653
G1 X109.461 Y108.585 E.01003
G1 X109.127 Y108.804 E.01685
G1 X108.862 Y109.152 E.01846
G1 X108.722 Y109.666 E.02251
G1 X108.794 Y110.2 E.02273
G1 X109.025 Y110.593 E.01925
G1 X109.327 Y110.831 E.01624
G1 X109.568 Y110.96 E.01152
G1 X110.01 Y111.03 E.0189
; stop printing object Button.stl id:140705128642256 copy 0
;LAYER_CHANGE
;Z:1.25667
;HEIGHT:0.136667
;BEFORE_LAYER_CHANGE
;1.25667
G92 E0

G1 E-.7 F3600
;WIPE_START
G1 F3000
G1 X109.568 Y110.96 E-.13433
G1 X109.327 Y110.831 E-.08188
G1 X109.108 Y110.658 E-.08379
;WIPE_END
;_SET_FAN_SPEED_CHANGING_LAYER
; printing object Button.stl id:140705128642256 copy 0
G1 Z1.657 F9000
G1 X108.721 Y112.252 Z1.657
M73 P49 R1
G1 Z1.257
G1 E1 F2400
;TYPE:Support
;WIDTH:0.38
;HEIGHT:0.325556
G1 X108.489 Y112.119 E.01043
G1 X108.149 Y111.864 E.01659
G1 X107.864 Y111.576 E.01581
G1 X107.629 Y111.258 E.01547
G1 X107.457 Y110.947 E.01386
G1 X107.346 Y110.674 E.01151
G1 X107.252 Y110.338 E.01359
G1 X107.204 Y110 E.01334
G1 X105.36 Y110 E.07198
G1 X105.36 Y107.68 E.09057
G1 X108.102 Y107.68 E.10704
G1 X108.294 Y107.519 E.00977
G1 X108.577 Y107.328 E.01335
G1 X108.96 Y107.141 E.01662
G1 X109.366 Y107.014 E.01662
G1 X109.632 Y106.965 E.01055
G1 X109.981 Y106.941 E.01366
G1 X110.451 Y106.978 E.01842
G1 X110.786 Y107.053 E.0134
G1 X111.03 Y107.137 E.01007
G1 X111.242 Y107.231 E.00906
G1 X111.526 Y107.392 E.01274
G1 X111.898 Y107.68 E.01837
G1 X114.64 Y107.68 E.10702
G1 X114.64 Y110 E.09057
G1 X112.797 Y110 E.07193
G1 X112.756 Y110.299 E.01179
G1 X112.632 Y110.733 E.01759
G1 X112.539 Y110.953 E.00933
G1 X112.369 Y111.261 E.01375
G1 X112.134 Y111.578 E.01542
G1 X111.846 Y111.869 E.01598
G1 X111.618 Y112.048 E.0113
G1 X111.281 Y112.25 E.01535
G1 X112.32 Y112.576 F9000
G1 F2400
G1 X112.32 Y114.64 E.08057
G1 X107.68 Y114.64 E.18113
G1 X107.68 Y112.576 E.08057
G1 X105.36 Y110.16 F9000
G1 F2400
M73 P50 R1
G1 X105.36 Y112.32 E.08432
G1 X108.866 Y112.32 E.13684
G1 X109.068 Y112.401 E.00853
G1 X109.449 Y112.506 E.01541
G1 X109.669 Y112.541 E.00869
G1 X110.058 Y112.56 E.0152
G1 X110.551 Y112.506 E.01937
G1 X110.874 Y112.421 E.01303
G1 X111.137 Y112.32 E.01102
G1 X114.64 Y112.32 E.13674
G1 X114.64 Y110.16 E.08432
G1 X112.32 Y107.455 F9000
G1 F2400
G1 X112.32 Y105.36 E.08179
G1 X107.68 Y105.36 E.18113
G1 X107.68 Y107.455 E.08178
; stop printing object Button.stl id:140705128642256 copy 0
;LAYER_CHANGE
;Z:1.4
;HEIGHT:0.143333
;BEFORE_LAYER_CHANGE
;1.4
G92 E0

G1 E-.7 F3600
;WIPE_START
G1 F2400
G1 X107.68 Y106.455 E-.3
;WIPE_END
;_SET_FAN_SPEED_CHANGING_LAYER
; printing object Button.stl id:140705128642256 copy 0
G1 Z1.8 F9000
G1 X111.489 Y108.313 Z1.8
G1 Z1.4
G1 E1 F2400
;TYPE:Outer wall
;WIDTH:0.45
;HEIGHT:0.28
G1 X111.521 Y108.342 E.00186
G1 X111.87 Y108.855 E.02618
G1 X112.019 Y109.281 E.01906
G1 X112.068 Y109.899 E.02614
G1 X112.028 Y110.138 E.01023
G1 X111.879 Y110.626 E.02154
G1 X111.536 Y111.143 E.02618
G1 X111.198 Y111.442 E.01906
G1 X110.645 Y111.721 E.02614
G1 X110.409 Y111.774 E.01023
M73 P51 R1
G1 X109.901 Y111.822 E.02154
G1 X109.297 Y111.7 E.02602
G1 X108.755 Y111.408 E.02598
G1 X108.465 Y111.144 E.01658
G1 X108.124 Y110.631 E.02598
G1 X107.948 Y110.042 E.02595
G1 X107.94 Y109.797 E.01034
G1 X107.973 Y109.382 E.01759
G1 X108.091 Y108.961 E.01847
G1 X108.372 Y108.467 E.02397
G1 X108.821 Y108.046 E.02598
G1 X109.176 Y107.872 E.01668
G1 X109.569 Y107.73 E.01764
G1 X110.12 Y107.681 E.02335
G1 X110.722 Y107.808 E.02598
G1 X111.262 Y108.106 E.02602
G1 X111.459 Y108.286 E.01126
G1 X111.171 Y108.566 F9000
;TYPE:Inner wall
G1 F3600
G1 X111.42 Y108.888 E.01719
G1 X111.576 Y109.198 E.01465
G1 X111.662 Y109.71 E.02192
G1 X111.647 Y110.052 E.01444
G1 X111.529 Y110.449 E.01748
G1 X111.24 Y110.885 E.02209
G1 X110.978 Y111.117 E.01478
G1 X110.667 Y111.273 E.01469
G1 X110.345 Y111.389 E.01444
G1 X109.933 Y111.43 E.01748
G1 X109.43 Y111.329 E.02163
G1 X109.113 Y111.158 E.01524
G1 X108.763 Y110.888 E.01866
G1 X108.481 Y110.464 E.0215
G1 X108.336 Y109.979 E.02136
G1 X108.324 Y109.619 E.01522
G1 X108.451 Y109.111 E.02207
G1 X108.674 Y108.719 E.01905
G1 X109.046 Y108.37 E.0215
G1 X109.268 Y108.261 E.01044
G1 X109.655 Y108.111 E.01754
G1 X110.086 Y108.073 E.01829
G1 X110.585 Y108.178 E.0215
G1 X111.129 Y108.512 E.02696
G1 X111.146 Y108.534 E.00117
G1 X110.037 Y109.688 F9000
;TYPE:Internal solid infill
;WIDTH:0.645945
G1 F3000
G1 X109.964 Y109.688 E.00464
G1 X109.927 Y109.751 E.00464
G1 X109.964 Y109.815 E.00464
G1 X110.037 Y109.815 E.00464
G1 X110.054 Y109.786 E.00211
G1 X109.979 Y110.247 F9000
;WIDTH:0.45
G1 F3000
G1 X110.224 Y110.187 E.01064
G1 X110.362 Y110.092 E.00709
G1 X110.475 Y109.865 E.0107
G1 X110.482 Y109.629 E.00995
G1 X110.34 Y109.378 E.01218
G1 X110.027 Y109.256 E.01417
G1 X109.78 Y109.313 E.0107
G1 X109.611 Y109.444 E.00905
G1 X109.497 Y109.711 E.01225
G1 X109.551 Y109.961 E.0108
G1 X109.667 Y110.128 E.00859
G1 X109.942 Y110.232 E.01238
G1 X109.967 Y110.642 F9000
G1 F3000
G1 X110.27 Y110.6 E.01294
G1 X110.591 Y110.417 E.01558
G1 X110.812 Y110.119 E.01568
G1 X110.888 Y109.822 E.01294
G1 X110.816 Y109.386 E.01863
G1 X110.576 Y109.064 E.01699
G1 X110.31 Y108.917 E.01283
G1 X110.044 Y108.861 E.01147
G1 X109.74 Y108.898 E.01294
G1 X109.494 Y109.019 E.01157
G1 X109.296 Y109.204 E.01144
G1 X109.121 Y109.602 E.01836
G1 X109.112 Y109.853 E.01057
G1 X109.194 Y110.129 E.01217
G1 X109.436 Y110.447 E.01687
G1 X109.698 Y110.588 E.01255
G1 X109.928 Y110.634 E.00988
G1 X109.955 Y111.037 F9000
G1 F3000
G1 X110.388 Y110.977 E.01846
G1 X110.85 Y110.709 E.02256
G1 X111.173 Y110.28 E.0227
G1 X111.282 Y109.856 E.01846
G1 X111.259 Y109.568 E.0122
G1 X111.167 Y109.209 E.01562
G1 X110.866 Y108.8 E.02144
G1 X110.447 Y108.547 E.02066
G1 X110.061 Y108.466 E.01667
G1 X109.627 Y108.519 E.01846
G1 X109.27 Y108.695 E.01681
G1 X108.982 Y108.964 E.01666
G1 X108.769 Y109.368 E.01925
G1 X108.719 Y109.772 E.0172
M73 P52 R1
G1 X108.784 Y110.116 E.01475
G1 X108.838 Y110.296 E.00795
G1 X109.135 Y110.7 E.02116
G1 X109.564 Y110.959 E.02116
G1 X109.915 Y111.029 E.01512
; stop printing object Button.stl id:140705128642256 copy 0
;LAYER_CHANGE
;Z:1.58222
;HEIGHT:0.182222
;BEFORE_LAYER_CHANGE
;1.58222
G92 E0

G1 E-.7 F3600
;WIPE_START
G1 F3000
G1 X109.564 Y110.959 E-.10746
G1 X109.135 Y110.7 E-.15037
G1 X109.052 Y110.587 E-.04217
;WIPE_END
;_SET_FAN_SPEED_CHANGING_LAYER
; printing object Button.stl id:140705128642256 copy 0
G1 Z1.982 F9000
G1 X108.719 Y112.251 Z1.982
G1 Z1.582
G1 E1 F2400
;TYPE:Support
;WIDTH:0.38
;HEIGHT:0.325556
G1 X108.473 Y112.109 E.01108
G1 X108.149 Y111.864 E.01587
G1 X107.907 Y111.625 E.01327
G1 X107.666 Y111.316 E.01531
G1 X107.465 Y110.963 E.01585
G1 X107.346 Y110.674 E.01221
G1 X107.243 Y110.291 E.01546
G1 X107.203 Y110 E.01148
G1 X105.36 Y110 E.07192
G1 X105.36 Y107.68 E.09057
G1 X108.102 Y107.68 E.10702
G1 X108.483 Y107.386 E.01881
G1 X108.66 Y107.282 E.00801
G1 X108.96 Y107.141 E.01294
G1 X109.154 Y107.072 E.00804
G1 X109.528 Y106.981 E.01503
G1 X109.973 Y106.941 E.01744
G1 X110.459 Y106.979 E.01902
G1 X110.768 Y107.048 E.01238
G1 X110.977 Y107.116 E.00856
G1 X111.433 Y107.334 E.01975
G1 X111.69 Y107.506 E.01205
G1 X111.898 Y107.68 E.01062
G1 X114.64 Y107.68 E.10702
G1 X114.64 Y110 E.09057
G1 X112.797 Y110 E.07192
G1 X112.757 Y110.291 E.01147
G1 X112.653 Y110.674 E.0155
G1 X112.536 Y110.961 E.01208
G1 X112.334 Y111.316 E.01595
G1 X112.095 Y111.623 E.01518
G1 X111.853 Y111.863 E.01332
G1 X111.609 Y112.054 E.01211
G1 X111.281 Y112.25 E.0149
G1 X112.32 Y112.576 F9000
G1 F2400
G1 X112.32 Y114.64 E.08057
G1 X107.68 Y114.64 E.18113
G1 X107.68 Y112.576 E.08057
M73 P53 R1
G1 X105.36 Y110.16 F9000
G1 F2400
G1 X105.36 Y112.32 E.08432
G1 X108.864 Y112.32 E.13677
G1 X109.139 Y112.425 E.01149
G1 X109.511 Y112.517 E.01496
G1 X109.84 Y112.556 E.01294
G1 X110.045 Y112.56 E.00801
G1 X110.352 Y112.538 E.012
G1 X110.664 Y112.481 E.01241
G1 X111.137 Y112.32 E.01951
G1 X114.64 Y112.32 E.13674
G1 X114.64 Y110.16 E.08432
G1 X112.32 Y107.455 F9000
G1 F2400
G1 X112.32 Y105.36 E.08179
G1 X107.68 Y105.36 E.18113
G1 X107.68 Y107.455 E.08179
; stop printing object Button.stl id:140705128642256 copy 0
;LAYER_CHANGE
;Z:1.68
;HEIGHT:0.0977777
;BEFORE_LAYER_CHANGE
;1.68
G92 E0

G1 E-.7 F3600
;WIPE_START
G1 F2400
G1 X107.68 Y106.455 E-.3
;WIPE_END
;_SET_FAN_SPEED_CHANGING_LAYER
; printing object Button.stl id:140705128642256 copy 0
G1 Z2.08 F9000
G1 X111.46 Y108.294 Z2.08
G1 Z1.68
M73 P54 R1
G1 E1 F2400
;TYPE:Outer wall
;WIDTH:0.45
;HEIGHT:0.28
G1 X111.526 Y108.347 E.00358
G1 X111.87 Y108.858 E.02601
G1 X112.05 Y109.446 E.02595
G1 X112.06 Y109.696 E.01057
G1 X112.03 Y110.126 E.0182
G1 X111.877 Y110.632 E.02231
G1 X111.532 Y111.147 E.02617
G1 X111.193 Y111.446 E.01906
G1 X110.639 Y111.723 E.02615
G1 X110.421 Y111.772 E.00945
G1 X109.894 Y111.821 E.02232
G1 X109.287 Y111.697 E.02617
G1 X108.882 Y111.497 E.01906
G1 X108.416 Y111.089 E.02615
G1 X108.288 Y110.905 E.00945
G1 X108.044 Y110.437 E.02232
G1 X107.929 Y109.831 E.02601
G1 X107.996 Y109.219 E.026
G1 X108.127 Y108.863 E.01601
G1 X108.473 Y108.349 E.02615
G1 X108.813 Y108.051 E.01906
G1 X109.368 Y107.776 E.02617
G1 X109.89 Y107.689 E.02232
G1 X110.31 Y107.713 E.01776
G1 X110.754 Y107.828 E.01938
G1 X111.116 Y108.014 E.01716
G1 X111.429 Y108.268 E.01705
G1 X111.22 Y108.597 F9000
;TYPE:Inner wall
G1 F3600
G1 X111.229 Y108.604 E.00045
G1 X111.515 Y109.028 E.02159
G1 X111.663 Y109.512 E.02136
G1 X111.651 Y110.029 E.02184
G1 X111.526 Y110.454 E.0187
G1 X111.236 Y110.888 E.02205
G1 X110.973 Y111.12 E.01477
G1 X110.742 Y111.235 E.01091
G1 X110.343 Y111.39 E.01809
G1 X109.927 Y111.43 E.01765
G1 X109.415 Y111.325 E.02205
G1 X109.101 Y111.17 E.01477
G1 X108.907 Y111 E.01091
G1 X108.612 Y110.688 E.01809
G1 X108.418 Y110.318 E.01765
G1 X108.323 Y109.816 E.02159
G1 X108.363 Y109.45 E.01554
G1 X108.477 Y109.041 E.0179
G1 X108.768 Y108.609 E.02201
G1 X109.031 Y108.378 E.01477
G1 X109.499 Y108.146 E.02205
G1 X109.937 Y108.077 E.0187
G1 X110.468 Y108.136 E.02255
G1 X110.867 Y108.318 E.01853
G1 X111.189 Y108.573 E.01731
G1 X110.036 Y109.688 F9000
;TYPE:Internal solid infill
;WIDTH:0.64502
G1 F3000
G1 X109.963 Y109.688 E.00463
G1 X109.926 Y109.752 E.00463
G1 X109.963 Y109.815 E.00463
G1 X110.036 Y109.815 E.00463
G1 X110.053 Y109.786 E.0021
G1 X110.072 Y110.234 F9000
;WIDTH:0.45
G1 F3000
G1 X110.331 Y110.127 E.01183
G1 X110.47 Y109.882 E.01187
G1 X110.501 Y109.732 E.00645
G1 X110.408 Y109.479 E.01138
G1 X110.339 Y109.377 E.00521
G1 X110.031 Y109.256 E.01394
G1 X109.778 Y109.314 E.01098
G1 X109.64 Y109.408 E.00704
G1 X109.527 Y109.578 E.00862
G1 X109.518 Y109.839 E.01105
G1 X109.62 Y110.069 E.01063
G1 X109.82 Y110.214 E.01044
G1 X110.032 Y110.231 E.00898
G1 X109.963 Y110.641 F9000
G1 F3000
G1 X110.267 Y110.601 E.01294
G1 X110.589 Y110.419 E.01561
G1 X110.81 Y110.122 E.01562
G1 X110.89 Y109.717 E.01745
G1 X110.803 Y109.368 E.01521
G1 X110.564 Y109.054 E.01665
G1 X110.148 Y108.872 E.01916
G1 X109.736 Y108.899 E.01744
G1 X109.413 Y109.08 E.01562
G1 X109.176 Y109.398 E.01674
G1 X109.111 Y109.785 E.01656
G1 X109.162 Y110.054 E.01154
M73 P55 R1
G1 X109.314 Y110.32 E.01294
G1 X109.604 Y110.549 E.01561
G1 X109.925 Y110.632 E.01396
G1 X109.95 Y111.037 F9000
G1 F3000
G1 X110.383 Y110.979 E.01846
G1 X110.847 Y110.712 E.0226
G1 X111.171 Y110.284 E.02264
G1 X111.285 Y109.843 E.01925
G1 X111.159 Y109.198 E.02775
G1 X110.864 Y108.8 E.0209
G1 X110.355 Y108.512 E.0247
G1 X110.075 Y108.464 E.01199
G1 X109.622 Y108.521 E.01925
G1 X109.156 Y108.787 E.02264
G1 X108.826 Y109.22 E.02298
G1 X108.737 Y109.615 E.0171
G1 X108.717 Y109.8 E.00787
G1 X108.791 Y110.191 E.01676
G1 X109.008 Y110.57 E.01846
G1 X109.431 Y110.898 E.0226
G1 X109.911 Y111.026 E.02096
; stop printing object Button.stl id:140705128642256 copy 0
;LAYER_CHANGE
;Z:1.90778
;HEIGHT:0.227778
;BEFORE_LAYER_CHANGE
;1.90778
G92 E0

G1 E-.7 F3600
;WIPE_START
G1 F3000
G1 X109.431 Y110.898 E-.14898
G1 X109.033 Y110.59 E-.15102
;WIPE_END
;_SET_FAN_SPEED_CHANGING_LAYER
; printing object Button.stl id:140705128642256 copy 0
G1 Z2.308 F9000
G1 X108.719 Y112.251 Z2.308
G1 Z1.908
G1 E1 F2400
;TYPE:Support
;WIDTH:0.38
;HEIGHT:0.325556
G1 X108.466 Y112.105 E.01142
G1 X108.142 Y111.858 E.01591
G1 X107.859 Y111.571 E.01573
G1 X107.666 Y111.316 E.01248
G1 X107.468 Y110.968 E.01562
G1 X107.349 Y110.682 E.01211
G1 X107.241 Y110.283 E.01612
G1 X107.202 Y110 E.01116
G1 X105.36 Y110 E.07191
G1 X105.36 Y107.68 E.09057
G1 X108.102 Y107.68 E.10702
G1 X108.49 Y107.382 E.01912
G1 X108.952 Y107.144 E.02029
G1 X109.434 Y106.999 E.01963
G1 X109.651 Y106.963 E.00859
G1 X109.965 Y106.941 E.01229
G1 X110.473 Y106.981 E.01989
G1 X110.966 Y107.112 E.01992
G1 X111.433 Y107.334 E.0202
G1 X111.683 Y107.501 E.01171
G1 X111.898 Y107.68 E.01095
G1 X114.64 Y107.68 E.10702
G1 X114.64 Y110 E.09057
G1 X112.798 Y110 E.07191
G1 X112.759 Y110.283 E.01116
M73 P56 R1
G1 X112.653 Y110.674 E.01581
G1 X112.531 Y110.97 E.01249
G1 X112.334 Y111.316 E.01553
G1 X112.141 Y111.571 E.01248
G1 X111.858 Y111.858 E.01573
G1 X111.603 Y112.058 E.01267
G1 X111.28 Y112.25 E.01465
G1 X112.32 Y112.576 F9000
G1 F2400
G1 X112.32 Y114.64 E.08057
G1 X107.68 Y114.64 E.18113
G1 X107.68 Y112.576 E.08057
G1 X105.36 Y110.16 F9000
G1 F2400
G1 X105.36 Y112.32 E.08432
G1 X108.864 Y112.32 E.13677
G1 X109.146 Y112.427 E.01181
G1 X109.519 Y112.519 E.01497
G1 X110.037 Y112.56 E.02028
G1 X110.361 Y112.537 E.01268
G1 X110.656 Y112.483 E.01172
G1 X111.136 Y112.32 E.01981
G1 X114.64 Y112.32 E.13677
G1 X114.64 Y110.16 E.08432
G1 X112.32 Y107.455 F9000
G1 F2400
G1 X112.32 Y105.36 E.08179
G1 X107.68 Y105.36 E.18113
G1 X107.68 Y107.455 E.08179
; stop printing object Button.stl id:140705128642256 copy 0
;LAYER_CHANGE
;Z:1.96
;HEIGHT:0.0522223
;BEFORE_LAYER_CHANGE
;1.96
G92 E0

G1 E-.7 F3600
M73 P57 R1
;WIPE_START
G1 F2400
G1 X107.68 Y106.455 E-.3
;WIPE_END
;_SET_FAN_SPEED_CHANGING_LAYER
; printing object Button.stl id:140705128642256 copy 0
G1 Z2.36 F9000
G1 X111.435 Y108.274 Z2.36
G1 Z1.96
G1 E1 F2400
;TYPE:Outer wall
;WIDTH:0.45
;HEIGHT:0.28
G1 X111.53 Y108.352 E.00521
G1 X111.873 Y108.864 E.026
G1 X112.051 Y109.452 E.02595
G1 X112.06 Y109.703 E.01057
G1 X112.033 Y110.115 E.01744
G1 X111.874 Y110.638 E.02309
G1 X111.528 Y111.152 E.02616
G1 X111.188 Y111.45 E.01906
G1 X110.82 Y111.632 E.01732
G1 X110.428 Y111.771 E.01756
G1 X109.888 Y111.821 E.02292
G1 X109.285 Y111.696 E.026
G1 X108.744 Y111.4 E.02601
G1 X108.474 Y111.154 E.01545
G1 X108.129 Y110.643 E.02601
G1 X107.949 Y110.055 E.02595
G1 X107.94 Y109.81 E.01034
G1 X107.97 Y109.394 E.01759
G1 X108.101 Y108.939 E.01998
G1 X108.364 Y108.478 E.02242
G1 X108.811 Y108.054 E.02601
G1 X109.362 Y107.778 E.026
G1 X109.901 Y107.688 E.02309
G1 X110.299 Y107.711 E.0168
G1 X110.753 Y107.829 E.01982
G1 X111.106 Y108.007 E.01669
G1 X111.404 Y108.249 E.01619
G1 X111.193 Y108.577 F9000
;TYPE:Inner wall
G1 F3600
G1 X111.233 Y108.609 E.00212
G1 X111.517 Y109.033 E.02155
G1 X111.663 Y109.517 E.02136
G1 X111.652 Y110.031 E.02172
G1 X111.524 Y110.46 E.01887
G1 X111.233 Y110.892 E.02202
G1 X110.969 Y111.123 E.01477
G1 X110.738 Y111.238 E.01091
G1 X110.343 Y111.391 E.01789
G1 X109.921 Y111.429 E.01789
G1 X109.421 Y111.326 E.02155
G1 X109.092 Y111.146 E.01583
G1 X108.771 Y110.897 E.01714
G1 X108.485 Y110.473 E.02158
G1 X108.337 Y109.989 E.02136
G1 X108.323 Y109.629 E.01522
G1 X108.45 Y109.116 E.02231
G1 X108.666 Y108.728 E.01872
G1 X109.037 Y108.376 E.02158
G1 X109.494 Y108.148 E.02155
G1 X109.935 Y108.077 E.01887
G1 X110.462 Y108.134 E.02239
G1 X110.874 Y108.322 E.01911
G1 X111.162 Y108.552 E.01557
G1 X110.036 Y109.688 F9000
;TYPE:Internal solid infill
;WIDTH:0.645105
G1 F3000
G1 X109.963 Y109.688 E.00463
G1 X109.926 Y109.752 E.00463
G1 X109.963 Y109.815 E.00463
G1 X110.036 Y109.815 E.00463
G1 X110.053 Y109.786 E.0021
G1 X109.975 Y110.246 F9000
;WIDTH:0.45
G1 F3000
G1 X110.222 Y110.188 E.01072
G1 X110.36 Y110.094 E.00704
G1 X110.473 Y109.867 E.01069
G1 X110.501 Y109.734 E.00575
G1 X110.409 Y109.48 E.01139
G1 X110.336 Y109.374 E.00542
G1 X110.029 Y109.255 E.01388
G1 X109.778 Y109.314 E.01091
G1 X109.608 Y109.447 E.0091
G1 X109.497 Y109.714 E.01221
M73 P58 R1
G1 X109.553 Y109.964 E.0108
G1 X109.66 Y110.124 E.00812
G1 X109.938 Y110.232 E.01258
G1 X109.96 Y110.641 F9000
G1 F3000
G1 X110.264 Y110.602 E.01294
G1 X110.587 Y110.421 E.01565
G1 X110.809 Y110.126 E.01558
G1 X110.89 Y109.72 E.01747
G1 X110.804 Y109.37 E.01521
G1 X110.56 Y109.05 E.01699
G1 X110.145 Y108.872 E.01906
G1 X109.733 Y108.901 E.01745
G1 X109.489 Y109.022 E.01147
G1 X109.292 Y109.21 E.0115
G1 X109.12 Y109.608 E.01831
G1 X109.113 Y109.858 E.01056
G1 X109.197 Y110.134 E.01217
G1 X109.428 Y110.441 E.01625
G1 X109.693 Y110.586 E.01273
G1 X109.921 Y110.633 E.00982
G1 X109.945 Y111.036 F9000
G1 F3000
G1 X110.378 Y110.981 E.01846
G1 X110.844 Y110.714 E.02265
G1 X111.169 Y110.289 E.0226
G1 X111.285 Y109.848 E.01925
G1 X111.16 Y109.201 E.02779
G1 X110.864 Y108.8 E.02106
G1 X110.35 Y108.511 E.02491
G1 X110.07 Y108.464 E.01199
G1 X109.617 Y108.522 E.01925
G1 X109.263 Y108.699 E.01671
G1 X108.975 Y108.972 E.01675
G1 X108.767 Y109.378 E.01925
G1 X108.719 Y109.78 E.01711
G1 X108.786 Y110.123 E.01474
G1 X108.841 Y110.303 E.00795
G1 X109.134 Y110.701 E.02084
G1 X109.557 Y110.956 E.02084
G1 X109.905 Y111.028 E.01503
; stop printing object Button.stl id:140705128642256 copy 0
;LAYER_CHANGE
;Z:2.23333
;HEIGHT:0.273333
;BEFORE_LAYER_CHANGE
;2.23333
G92 E0

G1 E-.7 F3600
;WIPE_START
G1 F3000
G1 X109.557 Y110.956 E-.10682
G1 X109.134 Y110.701 E-.14812
G1 X109.045 Y110.58 E-.04506
;WIPE_END
;_SET_FAN_SPEED_CHANGING_LAYER
; printing object Button.stl id:140705128642256 copy 0
G1 Z2.633 F9000
G1 X107.465 Y108.54 Z2.633
G1 Z2.233
G1 E1 F2400
;TYPE:Support interface
;WIDTH:0.38
;HEIGHT:0.325556
G1 F4800
G1 X107.665 Y108.188 E.0158
G1 X107.92 Y107.862 E.01619
G1 X107.92 Y105.36 E.09766
G1 X108.44 Y105.36 E.0203
G1 X108.44 Y107.414 E.0802
G1 X108.689 Y107.266 E.01131
G1 X108.96 Y107.141 E.01165
G1 X108.96 Y105.36 E.06953
G1 X109.48 Y105.36 E.0203
G1 X109.48 Y106.989 E.0636
M73 P59 R1
G1 X109.694 Y106.958 E.00843
G1 X110 Y106.942 E.01197
G1 X110 Y105.36 E.06177
G1 X110.52 Y105.36 E.0203
G1 X110.52 Y106.989 E.0636
G1 X110.774 Y107.05 E.01021
G1 X111.04 Y107.141 E.01095
G1 X111.04 Y105.36 E.06952
G1 X111.56 Y105.36 E.0203
G1 X111.56 Y107.415 E.08022
G1 X111.818 Y107.608 E.0126
G1 X112.08 Y107.862 E.01421
G1 X112.08 Y105.36 E.09765
G1 X112.32 Y105.36 E.00938
G1 X112.32 Y105.816 E.01779
G1 X112.32 Y107.406 F9000
G1 F4800
G1 X112.32 Y107.68 E.01071
G1 X112.6 Y107.68 E.01092
G1 X112.6 Y108.688 E.03935
G1 X112.751 Y109.179 E.02008
G1 X112.805 Y109.59 E.01618
G1 X112.808 Y109.854 E.01028
G1 X112.77 Y110.22 E.01438
G1 X112.715 Y110.475 E.01018
G1 X112.6 Y110.817 E.01409
G1 X112.6 Y112.32 E.05866
G1 X113.119 Y112.32 E.0203
G1 X113.119 Y107.68 E.18113
G1 X113.639 Y107.68 E.0203
G1 X113.639 Y112.32 E.18113
G1 X114.159 Y112.32 E.0203
G1 X114.159 Y107.68 E.18113
G1 X114.64 Y107.68 E.01876
G1 X114.64 Y112.32 E.18113
G1 X114.319 Y112.32 E.01252
M73 P60 R1
G1 E-.7 F3600
;WIPE_START
G1 F4800
G1 X114.64 Y112.32 E-.09618
G1 X114.64 Y111.641 E-.20382
;WIPE_END
G1 Z2.633 F9000
G1 X112.358 Y111.275 Z2.633
G1 Z2.233
G1 E1 F2400
G1 F4800
G1 X112.08 Y111.64 E.01791
G1 X112.08 Y114.64 E.11712
G1 X111.56 Y114.64 E.0203
G1 X111.56 Y112.088 E.09963
G1 X111.339 Y112.221 E.01004
G1 X111.04 Y112.361 E.01291
G1 X111.04 Y114.64 E.08897
G1 X110.52 Y114.64 E.0203
G1 X110.52 Y112.511 E.08312
G1 X110.212 Y112.553 E.01214
G1 X110 Y112.561 E.00827
G1 X110 Y114.64 E.08117
G1 X109.48 Y114.64 E.0203
G1 X109.48 Y112.511 E.08312
G1 X109.195 Y112.443 E.01143
G1 X108.96 Y112.361 E.00972
G1 X108.96 Y114.64 E.08897
G1 X108.44 Y114.64 E.0203
G1 X108.44 Y112.088 E.09962
G1 X108.142 Y111.859 E.01468
G1 X107.92 Y111.64 E.01217
M73 P61 R1
G1 X107.92 Y114.64 E.11712
G1 X107.68 Y114.64 E.00938
G1 X107.68 Y114.184 E.01779
G1 E-.7 F3600
;WIPE_START
G1 F4800
G1 X107.68 Y114.64 E-.13672
G1 X107.92 Y114.64 E-.07208
G1 X107.92 Y114.336 E-.0912
;WIPE_END
G1 Z2.633 F9000
G1 X105.681 Y112.32 Z2.633
G1 Z2.233
G1 E1 F2400
G1 F4800
G1 X105.36 Y112.32 E.01252
G1 X105.36 Y107.68 E.18113
G1 X105.841 Y107.68 E.01876
G1 X105.841 Y112.32 E.18113
G1 X106.361 Y112.32 E.0203
G1 X106.361 Y107.68 E.18113
G1 X106.881 Y107.68 E.0203
G1 X106.881 Y112.32 E.18113
G1 X107.4 Y112.32 E.0203
G1 X107.4 Y110.817 E.05866
G1 X107.285 Y110.475 E.01409
G1 X107.227 Y110.202 E.01091
G1 X107.192 Y109.854 E.01366
G1 X107.195 Y109.58 E.01067
G1 X107.258 Y109.138 E.01744
G1 X107.4 Y108.687 E.01849
G1 X107.4 Y107.68 E.03929
G1 X107.68 Y107.68 E.01092
G1 X107.68 Y107.406 E.0107
; stop printing object Button.stl id:140705128642256 copy 0
;LAYER_CHANGE
;Z:2.24
;HEIGHT:0.00666666
;BEFORE_LAYER_CHANGE
;2.24
G92 E0

G1 E-.7 F3600
;WIPE_START
G1 F4800
G1 X107.68 Y107.68 E-.08224
G1 X107.4 Y107.68 E-.08389
M73 P62 R1
G1 X107.4 Y108.126 E-.13387
;WIPE_END
;_SET_FAN_SPEED_CHANGING_LAYER
; printing object Button.stl id:140705128642256 copy 0
G1 Z2.64 F9000
G1 X111.408 Y108.255 Z2.64
G1 Z2.24
G1 E1 F2400
;TYPE:Outer wall
;WIDTH:0.45
;HEIGHT:0.28
G1 X111.538 Y108.361 E.00709
G1 X111.877 Y108.872 E.02589
G1 X112.037 Y109.363 E.0218
G1 X112.04 Y110.119 E.03189
G1 X111.869 Y110.647 E.02346
G1 X111.523 Y111.157 E.02601
G1 X111.334 Y111.322 E.01057
G1 X111.012 Y111.551 E.01669
G1 X110.489 Y111.765 E.02386
G1 X109.876 Y111.82 E.02599
G1 X109.275 Y111.693 E.02595
G1 X108.87 Y111.489 E.01912
G1 X108.476 Y111.156 E.02179
G1 X108.129 Y110.644 E.02608
G1 X108.051 Y110.432 E.00955
G1 X107.933 Y109.915 E.02238
G1 X107.948 Y109.455 E.01943
G1 X108.063 Y109.011 E.01938
G1 X108.273 Y108.605 E.01927
G1 X108.638 Y108.188 E.02338
G1 X108.973 Y107.975 E.01677
G1 X109.348 Y107.79 E.01766
G1 X109.889 Y107.681 E.02329
G1 X110.502 Y107.74 E.02598
G1 X111.066 Y107.974 E.02577
G1 X111.377 Y108.229 E.01699
G1 X111.16 Y108.556 F9000
;TYPE:Inner wall
G1 F3600
G1 X111.245 Y108.626 E.00464
G1 X111.523 Y109.043 E.02118
G1 X111.653 Y109.442 E.01771
G1 X111.656 Y110.04 E.0252
G1 X111.515 Y110.474 E.01929
G1 X111.229 Y110.896 E.02154
G1 X110.824 Y111.21 E.02161
G1 X110.407 Y111.381 E.01903
G1 X109.9 Y111.426 E.02151
G1 X109.405 Y111.322 E.02136
G1 X109.087 Y111.161 E.01503
G1 X108.769 Y110.893 E.01758
G1 X108.479 Y110.465 E.0218
G1 X108.348 Y110.034 E.01902
G1 X108.336 Y109.511 E.02208
G1 X108.43 Y109.151 E.01571
G1 X108.597 Y108.826 E.01542
G1 X108.895 Y108.487 E.01903
G1 X109.091 Y108.362 E.00983
G1 X109.476 Y108.159 E.01838
G1 X109.899 Y108.073 E.01824
G1 X110.406 Y108.123 E.02151
G1 X110.863 Y108.312 E.02087
G1 X111.129 Y108.53 E.01454
G1 X110.037 Y109.687 F9000
;TYPE:Internal solid infill
;WIDTH:0.645373
G1 F3000
G1 X109.963 Y109.687 E.00464
G1 X109.927 Y109.75 E.00464
G1 X109.963 Y109.814 E.00464
G1 X110.037 Y109.814 E.00464
G1 X110.053 Y109.785 E.0021
G1 X110.117 Y110.232 F9000
;WIDTH:0.45
G1 F3000
G1 X110.359 Y110.094 E.01176
G1 X110.488 Y109.849 E.01171
G1 X110.437 Y109.524 E.0139
G1 X110.255 Y109.326 E.01136
G1 X109.972 Y109.256 E.01231
G1 X109.719 Y109.349 E.01139
G1 X109.549 Y109.532 E.01055
G1 X109.498 Y109.762 E.00995
G1 X109.617 Y110.059 E.01346
G1 X109.795 Y110.208 E.00983
M73 P63 R1
G1 X110.077 Y110.23 E.01196
G1 X109.947 Y110.639 F9000
G1 F3000
G1 X110.217 Y110.615 E.01144
G1 X110.584 Y110.423 E.01749
G1 X110.808 Y110.128 E.01564
G1 X110.879 Y109.909 E.0097
G1 X110.877 Y109.683 E.00956
G1 X110.814 Y109.386 E.0128
G1 X110.66 Y109.154 E.01175
G1 X110.458 Y108.988 E.01106
G1 X110.216 Y108.888 E.01107
G1 X109.945 Y108.861 E.01148
G1 X109.647 Y108.932 E.01294
G1 X109.328 Y109.175 E.01692
G1 X109.163 Y109.431 E.01284
G1 X109.107 Y109.808 E.01609
G1 X109.193 Y110.129 E.01403
G1 X109.436 Y110.436 E.01652
G1 X109.665 Y110.579 E.01141
G1 X109.908 Y110.631 E.01048
G1 X109.742 Y110.994 F9000
G1 F3000
G1 X109.923 Y111.032 E.00783
G1 X110.316 Y110.998 E.01666
G1 X110.733 Y110.811 E.01925
G1 X111.005 Y110.532 E.01645
G1 X111.161 Y110.301 E.01179
G1 X111.269 Y109.97 E.0147
G1 X111.266 Y109.514 E.01925
G1 X111.169 Y109.215 E.01326
G1 X110.953 Y108.89 E.01647
G1 X110.66 Y108.65 E.01597
G1 X110.311 Y108.505 E.01597
G1 X109.918 Y108.467 E.01667
G1 X109.492 Y108.568 E.01846
G1 X109.151 Y108.786 E.0171
G1 X108.856 Y109.175 E.0206
G1 X108.724 Y109.567 E.01745
G1 X108.715 Y109.853 E.01208
G1 X108.833 Y110.293 E.01924
G1 X109.061 Y110.629 E.01714
G1 X109.413 Y110.89 E.01848
G1 X109.704 Y110.982 E.01285
; stop printing object Button.stl id:140705128642256 copy 0
;LAYER_CHANGE
;Z:2.52
;HEIGHT:0.28
;BEFORE_LAYER_CHANGE
;2.52
G92 E0

G1 E-.7 F3600
;WIPE_START
G1 F3000
G1 X109.413 Y110.89 E-.09135
G1 X109.061 Y110.629 E-.13134
G1 X108.917 Y110.416 E-.07731
;WIPE_END
;_SET_FAN_SPEED_CHANGING_LAYER
; printing object Button.stl id:140705128642256 copy 0
G1 Z2.92 F9000
G1 X111.383 Y108.235 Z2.92
G1 Z2.52
G1 E1 F2400
;TYPE:Outer wall
G1 X111.539 Y108.362 E.00853
G1 X111.879 Y108.875 E.02597
G1 X112.053 Y109.465 E.02595
G1 X112.061 Y109.715 E.01057
G1 X112.037 Y110.098 E.01619
G1 X111.868 Y110.65 E.02437
G1 X111.519 Y111.161 E.02613
G1 X111.178 Y111.457 E.01906
G1 X110.823 Y111.63 E.01666
G1 X110.433 Y111.771 E.01751
G1 X109.874 Y111.82 E.02367
G1 X109.273 Y111.691 E.02597
G1 X108.733 Y111.392 E.02604
G1 X108.482 Y111.164 E.01433
G1 X108.133 Y110.651 E.02619
G1 X107.982 Y110.225 E.01906
G1 X107.932 Y109.609 E.02611
G1 X108.012 Y109.161 E.01921
G1 X108.264 Y108.631 E.02477
G1 X108.64 Y108.186 E.02459
G1 X109.16 Y107.856 E.02597
G1 X109.574 Y107.742 E.01815
G1 X109.941 Y107.685 E.01565
G1 X110.553 Y107.752 E.026
G1 X111.088 Y107.994 E.02477
G1 X111.352 Y108.209 E.01438
G1 X111.138 Y108.534 F9000
;TYPE:Inner wall
G1 F3600
G1 X111.241 Y108.618 E.00558
G1 X111.521 Y109.042 E.02147
M73 P64 R1
G1 X111.665 Y109.527 E.02136
G1 X111.652 Y110.034 E.02139
G1 X111.518 Y110.47 E.01929
G1 X111.324 Y110.755 E.01455
G1 X111.093 Y111.014 E.01465
G1 X110.804 Y111.206 E.01465
G1 X110.347 Y111.391 E.0208
G1 X109.908 Y111.429 E.01859
G1 X109.411 Y111.322 E.02147
G1 X109.071 Y111.134 E.01642
G1 X108.779 Y110.906 E.01563
G1 X108.483 Y110.473 E.02213
G1 X108.367 Y110.143 E.01478
G1 X108.325 Y109.628 E.02182
G1 X108.389 Y109.27 E.01533
G1 X108.591 Y108.842 E.02
G1 X108.89 Y108.489 E.01951
G1 X109.319 Y108.217 E.02147
G1 X109.558 Y108.151 E.01044
G1 X109.955 Y108.075 E.01707
G1 X110.451 Y108.131 E.02105
G1 X110.883 Y108.325 E.02
G1 X111.107 Y108.509 E.01225
G1 X110.037 Y109.689 F9000
;TYPE:Internal solid infill
;WIDTH:0.644565
G1 F3000
G1 X109.964 Y109.689 E.00462
G1 X109.927 Y109.752 E.00462
G1 X109.964 Y109.815 E.00462
G1 X110.037 Y109.815 E.00462
G1 X110.053 Y109.786 E.00209
G1 X109.971 Y110.246 F9000
;WIDTH:0.45
G1 F3000
G1 X110.22 Y110.189 E.01076
G1 X110.358 Y110.096 E.00703
G1 X110.472 Y109.872 E.01063
G1 X110.501 Y109.737 E.0058
G1 X110.41 Y109.483 E.01141
G1 X110.319 Y109.365 E.00628
G1 X109.994 Y109.244 E.01466
G1 X109.739 Y109.336 E.01142
G1 X109.62 Y109.424 E.00628
G1 X109.505 Y109.706 E.01286
G1 X109.548 Y109.958 E.01079
G1 X109.661 Y110.123 E.00842
G1 X109.934 Y110.231 E.01241
G1 X109.953 Y110.641 F9000
G1 F3000
G1 X110.257 Y110.605 E.01294
G1 X110.583 Y110.425 E.01571
G1 X110.805 Y110.132 E.01552
G1 X110.891 Y109.726 E.01752
G1 X110.807 Y109.375 E.01523
G1 X110.551 Y109.044 E.01767
G1 X110.122 Y108.868 E.01955
G1 X109.886 Y108.869 E.00998
G1 X109.639 Y108.937 E.0108
G1 X109.303 Y109.187 E.01767
G1 X109.123 Y109.594 E.01879
G1 X109.136 Y109.979 E.01624
G1 X109.274 Y110.248 E.01278
G1 X109.449 Y110.452 E.01134
G1 X109.688 Y110.584 E.01151
G1 X109.914 Y110.632 E.00976
G1 X109.935 Y111.036 F9000
G1 F3000
G1 X110.369 Y110.984 E.01846
G1 X110.838 Y110.719 E.02274
G1 X111.164 Y110.298 E.02251
G1 X111.285 Y109.858 E.01925
G1 X111.164 Y109.208 E.02788
G1 X110.863 Y108.801 E.02137
G1 X110.545 Y108.608 E.01571
G1 X110.34 Y108.508 E.00963
G1 X109.874 Y108.468 E.01975
G1 X109.479 Y108.577 E.01728
G1 X109.066 Y108.87 E.02137
G1 X108.867 Y109.185 E.01573
G1 X108.764 Y109.388 E.00961
G1 X108.727 Y109.77 E.01619
G1 X108.793 Y110.178 E.01747
G1 X109.075 Y110.649 E.02317
G1 X109.549 Y110.953 E.02379
G1 X109.895 Y111.027 E.01494
; stop printing object Button.stl id:140705128642256 copy 0
;LAYER_CHANGE
;Z:2.55889
;HEIGHT:0.0388889
;BEFORE_LAYER_CHANGE
;2.55889
G92 E0

G1 E-.7 F3600
;WIPE_START
G1 F3000
G1 X109.549 Y110.953 E-.10619
G1 X109.075 Y110.649 E-.16905
G1 X109.033 Y110.578 E-.02476
;WIPE_END
;_SET_FAN_SPEED_CHANGING_LAYER
; printing object Button.stl id:140705128642256 copy 0
G1 Z2.959 F9000
G1 X107.465 Y108.54 Z2.959
M73 P65 R1
G1 Z2.559
G1 E1 F2400
;TYPE:Support interface
;WIDTH:0.38
;HEIGHT:0.325556
G1 F4800
G1 X107.665 Y108.188 E.0158
G1 X107.92 Y107.862 E.01619
G1 X107.92 Y105.36 E.09765
G1 X108.44 Y105.36 E.0203
G1 X108.44 Y107.415 E.0802
G1 X108.689 Y107.266 E.01132
G1 X108.96 Y107.142 E.01164
G1 X108.96 Y105.36 E.06955
G1 X109.48 Y105.36 E.0203
G1 X109.48 Y106.989 E.0636
G1 X109.694 Y106.958 E.00843
G1 X110 Y106.942 E.01197
G1 X110 Y105.36 E.06177
G1 X110.52 Y105.36 E.0203
G1 X110.52 Y106.989 E.0636
G1 X110.757 Y107.045 E.00949
G1 X111.04 Y107.141 E.01168
G1 X111.04 Y105.36 E.06953
G1 X111.56 Y105.36 E.0203
G1 X111.56 Y107.415 E.08022
G1 X111.818 Y107.608 E.0126
G1 X112.08 Y107.862 E.01421
G1 X112.08 Y105.36 E.09765
G1 X112.32 Y105.36 E.00938
G1 X112.32 Y105.816 E.01779
G1 X112.32 Y107.406 F9000
G1 F4800
G1 X112.32 Y107.68 E.01071
G1 X112.6 Y107.68 E.01092
G1 X112.6 Y108.689 E.03937
G1 X112.702 Y108.978 E.01198
G1 X112.751 Y109.179 E.0081
G1 X112.805 Y109.59 E.01618
G1 X112.802 Y109.963 E.01454
G1 X112.77 Y110.22 E.01012
M73 P66 R1
G1 X112.717 Y110.467 E.00985
G1 X112.6 Y110.817 E.01443
G1 X112.6 Y112.32 E.05866
G1 X113.119 Y112.32 E.0203
G1 X113.119 Y107.68 E.18113
G1 X113.639 Y107.68 E.0203
G1 X113.639 Y112.32 E.18113
G1 X114.159 Y112.32 E.0203
G1 X114.159 Y107.68 E.18113
G1 X114.64 Y107.68 E.01876
G1 X114.64 Y112.32 E.18113
G1 X114.319 Y112.32 E.01252
G1 E-.7 F3600
;WIPE_START
G1 F4800
G1 X114.64 Y112.32 E-.09618
G1 X114.64 Y111.641 E-.20382
;WIPE_END
G1 Z2.959 F9000
G1 X112.359 Y111.275 Z2.959
G1 Z2.559
G1 E1 F2400
G1 F4800
G1 X112.08 Y111.64 E.01792
G1 X112.08 Y114.64 E.11713
G1 X111.56 Y114.64 E.0203
G1 X111.56 Y112.088 E.09963
G1 X111.348 Y112.216 E.00964
G1 X111.04 Y112.361 E.01332
G1 X111.04 Y114.64 E.08896
G1 X110.52 Y114.64 E.0203
M73 P67 R1
G1 X110.52 Y112.511 E.08312
G1 X110.212 Y112.553 E.01214
G1 X110 Y112.561 E.00827
G1 X110 Y114.64 E.08117
G1 X109.48 Y114.64 E.0203
G1 X109.48 Y112.511 E.08312
G1 X109.195 Y112.443 E.01143
G1 X108.96 Y112.361 E.00972
G1 X108.96 Y114.64 E.08897
G1 X108.44 Y114.64 E.0203
G1 X108.44 Y112.088 E.09962
G1 X108.142 Y111.859 E.01468
G1 X107.92 Y111.64 E.01218
G1 X107.92 Y114.64 E.11713
G1 X107.68 Y114.64 E.00938
M73 P67 R0
G1 X107.68 Y114.184 E.01779
G1 E-.7 F3600
;WIPE_START
G1 F4800
G1 X107.68 Y114.64 E-.13672
G1 X107.92 Y114.64 E-.07208
G1 X107.92 Y114.336 E-.09119
;WIPE_END
G1 Z2.959 F9000
G1 X105.681 Y112.32 Z2.959
G1 Z2.559
G1 E1 F2400
G1 F4800
G1 X105.36 Y112.32 E.01252
G1 X105.36 Y107.68 E.18113
G1 X105.841 Y107.68 E.01876
G1 X105.841 Y112.32 E.18113
G1 X106.361 Y112.32 E.0203
M73 P68 R0
G1 X106.361 Y107.68 E.18113
G1 X106.881 Y107.68 E.0203
G1 X106.881 Y112.32 E.18113
G1 X107.4 Y112.32 E.0203
G1 X107.4 Y110.817 E.05866
G1 X107.283 Y110.465 E.0145
G1 X107.227 Y110.202 E.01051
G1 X107.192 Y109.845 E.01402
G1 X107.195 Y109.58 E.01031
G1 X107.249 Y109.179 E.01579
G1 X107.311 Y108.936 E.00979
G1 X107.4 Y108.687 E.01036
G1 X107.4 Y107.68 E.03929
G1 X107.68 Y107.68 E.01092
G1 X107.68 Y107.406 E.0107
; stop printing object Button.stl id:140705128642256 copy 0
;LAYER_CHANGE
;Z:2.8
;HEIGHT:0.241111
;BEFORE_LAYER_CHANGE
;2.8
G92 E0

G1 E-.7 F3600
;WIPE_START
G1 F4800
G1 X107.68 Y107.68 E-.08225
G1 X107.4 Y107.68 E-.08389
G1 X107.4 Y108.126 E-.13386
;WIPE_END
;_SET_FAN_SPEED_CHANGING_LAYER
; printing object Button.stl id:140705128642256 copy 0
G1 Z3.2 F9000
G1 X111.341 Y108.193 Z3.2
G1 Z2.8
G1 E1 F2400
;TYPE:Outer wall
;WIDTH:0.45
;HEIGHT:0.28
G1 X111.667 Y108.518 E.01941
G1 X111.88 Y108.877 E.01762
G1 X112.054 Y109.471 E.02612
G1 X112.066 Y109.925 E.01918
G1 X111.966 Y110.408 E.02083
G1 X111.774 Y110.824 E.01933
G1 X111.52 Y111.16 E.0178
G1 X111.039 Y111.544 E.02596
G1 X110.466 Y111.771 E.02605
G1 X110.139 Y111.82 E.01395
G1 X109.549 Y111.768 E.025
G1 X109.167 Y111.636 E.01707
G1 X108.779 Y111.411 E.01894
G1 X108.452 Y111.114 E.01861
G1 X108.139 Y110.665 E.02311
G1 X108.001 Y110.242 E.01882
G1 X107.927 Y109.813 E.01835
G1 X108.002 Y109.199 E.0261
G1 X108.25 Y108.641 E.02577
G1 X108.651 Y108.176 E.02593
G1 X109.026 Y107.92 E.01918
G1 X109.487 Y107.742 E.02084
G1 X110.073 Y107.685 E.02485
G1 X110.688 Y107.795 E.0264
G1 X111.231 Y108.084 E.02596
G1 X111.313 Y108.165 E.00486
G1 X111.066 Y108.469 F9000
;TYPE:Inner wall
G1 F3600
G1 X111.357 Y108.759 E.01734
G1 X111.52 Y109.034 E.01347
M73 P69 R0
G1 X111.612 Y109.349 E.01388
G1 X111.671 Y109.722 E.01591
G1 X111.633 Y110.093 E.01576
G1 X111.502 Y110.484 E.01741
G1 X111.239 Y110.886 E.02028
G1 X110.842 Y111.203 E.02143
G1 X110.492 Y111.341 E.01586
G1 X110.117 Y111.429 E.01626
G1 X109.635 Y111.388 E.02044
G1 X109.157 Y111.205 E.02159
G1 X108.856 Y110.983 E.01578
G1 X108.567 Y110.622 E.01955
G1 X108.42 Y110.27 E.01609
G1 X108.32 Y109.817 E.01956
G1 X108.382 Y109.304 E.02181
G1 X108.583 Y108.852 E.02087
G1 X108.913 Y108.47 E.02134
G1 X109.209 Y108.268 E.01514
G1 X109.587 Y108.121 E.01711
G1 X110.058 Y108.075 E.01999
G1 X110.55 Y108.163 E.0211
G1 X110.997 Y108.401 E.02136
G1 X111.038 Y108.441 E.00241
G1 X109.803 Y111.026 F9000
;TYPE:Internal solid infill
G1 F3000
G1 X110.272 Y111.009 E.01983
G1 X110.644 Y110.862 E.01688
G1 X111.035 Y110.509 E.02224
G1 X111.221 Y110.163 E.01658
G1 X111.281 Y109.732 E.01835
G1 X111.19 Y109.297 E.01877
G1 X111.047 Y109.001 E.01389
G1 X110.763 Y108.718 E.01691
G1 X110.291 Y108.503 E.0219
G1 X110.005 Y108.48 E.01209
G1 X109.68 Y108.503 E.01375
G1 X109.29 Y108.685 E.01817
G1 X109.038 Y108.921 E.01458
G1 X108.915 Y109.063 E.00793
G1 X108.762 Y109.409 E.01597
G1 X108.724 Y109.943 E.0226
G1 X108.851 Y110.331 E.01723
G1 X109.127 Y110.699 E.01942
G1 X109.481 Y110.922 E.01763
G1 X109.765 Y111.014 E.0126
G1 X110.191 Y110.622 F9000
G1 F3000
G1 X110.446 Y110.521 E.01158
G1 X110.765 Y110.219 E.01852
G1 X110.893 Y109.821 E.01766
G1 X110.799 Y109.348 E.02037
G1 X110.529 Y109.035 E.01744
G1 X110.202 Y108.883 E.01522
G1 X109.766 Y108.888 E.01839
G1 X109.437 Y109.057 E.01562
G1 X109.248 Y109.274 E.01215
G1 X109.142 Y109.514 E.01107
G1 X109.114 Y109.88 E.01548
G1 X109.201 Y110.149 E.01194
G1 X109.487 Y110.48 E.01847
G1 X109.788 Y110.623 E.01406
G1 X110.151 Y110.622 E.01533
G1 X109.961 Y110.24 F9000
G1 F3000
G1 X110.184 Y110.205 E.00953
G1 X110.413 Y110.039 E.01193
G1 X110.502 Y109.786 E.01131
G1 X110.418 Y109.475 E.01362
G1 X110.157 Y109.279 E.01377
G1 X109.852 Y109.273 E.01285
G1 X109.664 Y109.39 E.00936
G1 X109.522 Y109.619 E.01137
G1 X109.499 Y109.805 E.00793
G1 X109.611 Y110.044 E.01112
G1 X109.779 Y110.201 E.00973
G1 X109.922 Y110.232 E.00616
; stop printing object Button.stl id:140705128642256 copy 0
;LAYER_CHANGE
;Z:2.88444
;HEIGHT:0.0844445
;BEFORE_LAYER_CHANGE
;2.88444
G92 E0

G1 E-.7 F3600
;WIPE_START
G1 F3000
G1 X109.779 Y110.201 E-.0438
G1 X109.611 Y110.044 E-.06913
G1 X109.499 Y109.805 E-.079
G1 X109.522 Y109.619 E-.05638
G1 X109.613 Y109.472 E-.05169
;WIPE_END
;_SET_FAN_SPEED_CHANGING_LAYER
; printing object Button.stl id:140705128642256 copy 0
G1 Z3.284 F9000
G1 X107.465 Y108.541 Z3.284
G1 Z2.884
M73 P70 R0
G1 E1 F2400
;TYPE:Support interface
;WIDTH:0.38
;HEIGHT:0.325556
G1 F4800
G1 X107.651 Y108.209 E.0149
G1 X107.92 Y107.862 E.01713
G1 X107.92 Y105.36 E.09767
G1 X108.44 Y105.36 E.0203
G1 X108.44 Y107.415 E.08022
G1 X108.689 Y107.266 E.01132
G1 X108.96 Y107.142 E.01164
G1 X108.96 Y105.36 E.06955
G1 X109.48 Y105.36 E.0203
G1 X109.48 Y106.989 E.0636
G1 X109.694 Y106.958 E.00843
G1 X110 Y106.942 E.01197
G1 X110 Y105.36 E.06177
G1 X110.52 Y105.36 E.0203
G1 X110.52 Y106.989 E.0636
G1 X110.749 Y107.043 E.00917
G1 X111.04 Y107.141 E.012
G1 X111.04 Y105.36 E.06954
G1 X111.56 Y105.36 E.0203
G1 X111.56 Y107.415 E.08022
G1 X111.818 Y107.608 E.0126
G1 X112.08 Y107.862 E.01422
G1 X112.08 Y105.36 E.09767
G1 X112.32 Y105.36 E.00938
G1 X112.32 Y105.816 E.01779
G1 X112.32 Y107.406 F9000
G1 F4800
G1 X112.32 Y107.68 E.01068
G1 X112.6 Y107.68 E.01092
G1 X112.6 Y108.689 E.03937
G1 X112.702 Y108.978 E.01198
G1 X112.751 Y109.179 E.0081
G1 X112.805 Y109.59 E.01618
G1 X112.809 Y109.832 E.00942
G1 X112.77 Y110.22 E.01524
G1 X112.721 Y110.45 E.00919
G1 X112.6 Y110.817 E.01509
G1 X112.6 Y112.32 E.05866
G1 X113.119 Y112.32 E.0203
G1 X113.119 Y107.68 E.18113
M73 P71 R0
G1 X113.639 Y107.68 E.0203
G1 X113.639 Y112.32 E.18113
G1 X114.159 Y112.32 E.0203
G1 X114.159 Y107.68 E.18113
G1 X114.64 Y107.68 E.01876
G1 X114.64 Y112.32 E.18113
G1 X114.319 Y112.32 E.01252
G1 E-.7 F3600
;WIPE_START
G1 F4800
G1 X114.64 Y112.32 E-.09618
G1 X114.64 Y111.641 E-.20382
;WIPE_END
G1 Z3.284 F9000
G1 X112.359 Y111.275 Z3.284
G1 Z2.884
G1 E1 F2400
G1 F4800
G1 X112.08 Y111.639 E.01791
G1 X112.08 Y114.64 E.11714
G1 X111.56 Y114.64 E.0203
G1 X111.56 Y112.088 E.09963
G1 X111.37 Y112.204 E.00868
G1 X111.04 Y112.361 E.01427
G1 X111.04 Y114.64 E.08896
G1 X110.52 Y114.64 E.0203
G1 X110.52 Y112.511 E.08312
G1 X110.212 Y112.553 E.01214
M73 P72 R0
G1 X110 Y112.561 E.00827
G1 X110 Y114.64 E.08117
G1 X109.48 Y114.64 E.0203
G1 X109.48 Y112.511 E.08312
G1 X109.195 Y112.443 E.01143
G1 X108.96 Y112.361 E.00972
G1 X108.96 Y114.64 E.08897
G1 X108.44 Y114.64 E.0203
G1 X108.44 Y112.088 E.09962
G1 X108.124 Y111.842 E.01563
G1 X107.92 Y111.639 E.01124
G1 X107.92 Y114.64 E.11715
G1 X107.68 Y114.64 E.00938
G1 X107.68 Y114.184 E.01779
G1 E-.7 F3600
;WIPE_START
G1 F4800
G1 X107.68 Y114.64 E-.13672
G1 X107.92 Y114.64 E-.07208
G1 X107.92 Y114.336 E-.09119
;WIPE_END
G1 Z3.284 F9000
G1 X105.681 Y112.32 Z3.284
G1 Z2.884
G1 E1 F2400
G1 F4800
G1 X105.36 Y112.32 E.01252
G1 X105.36 Y107.68 E.18113
G1 X105.841 Y107.68 E.01876
G1 X105.841 Y112.32 E.18113
G1 X106.361 Y112.32 E.0203
G1 X106.361 Y107.68 E.18113
M73 P73 R0
G1 X106.881 Y107.68 E.0203
G1 X106.881 Y112.32 E.18113
G1 X107.4 Y112.32 E.0203
G1 X107.4 Y110.817 E.05866
G1 X107.278 Y110.447 E.01521
G1 X107.227 Y110.202 E.00979
G1 X107.191 Y109.834 E.01444
G1 X107.195 Y109.58 E.00989
G1 X107.249 Y109.179 E.01579
G1 X107.4 Y108.688 E.02008
G1 X107.4 Y107.68 E.03934
G1 X107.68 Y107.68 E.01092
G1 X107.68 Y107.406 E.01068
; stop printing object Button.stl id:140705128642256 copy 0
;LAYER_CHANGE
;Z:3.08
;HEIGHT:0.195555
;BEFORE_LAYER_CHANGE
;3.08
G92 E0

G1 E-.7 F3600
;WIPE_START
G1 F4800
G1 X107.68 Y107.68 E-.0821
G1 X107.4 Y107.68 E-.08389
G1 X107.4 Y108.127 E-.13402
;WIPE_END
;_SET_FAN_SPEED_CHANGING_LAYER
; printing object Button.stl id:140705128642256 copy 0
G1 Z3.48 F9000
G1 X111.33 Y108.191 Z3.48
G1 Z3.08
G1 E1 F2400
;TYPE:Outer wall
;WIDTH:0.45
;HEIGHT:0.28
G1 X111.567 Y108.393 E.01316
G1 X111.701 Y108.585 E.00986
G1 X111.948 Y109.041 E.0219
G1 X112.07 Y109.646 E.02606
G1 X112.01 Y110.258 E.02595
G1 X111.862 Y110.662 E.01818
G1 X111.51 Y111.171 E.0261
G1 X111.167 Y111.464 E.01906
G1 X110.607 Y111.733 E.02622
G1 X110.076 Y111.811 E.02266
G1 X109.541 Y111.773 E.02266
G1 X108.966 Y111.547 E.02606
G1 X108.484 Y111.165 E.02595
G1 X108.212 Y110.801 E.01919
G1 X108.033 Y110.405 E.01836
G1 X107.928 Y109.799 E.02595
G1 X108.004 Y109.189 E.02595
G1 X108.264 Y108.628 E.02607
G1 X108.65 Y108.177 E.02508
G1 X109.171 Y107.851 E.02595
G1 X109.616 Y107.731 E.01946
G1 X110.08 Y107.679 E.01969
G1 X110.69 Y107.796 E.02622
G1 X111.097 Y107.991 E.01906
G1 X111.3 Y108.165 E.01126
G1 X111.077 Y108.487 F9000
;TYPE:Inner wall
G1 F3600
G1 X111.136 Y108.538 E.0033
G1 X111.381 Y108.808 E.0154
G1 X111.575 Y109.161 E.01699
G1 X111.676 Y109.666 E.02174
G1 X111.627 Y110.17 E.0214
G1 X111.513 Y110.481 E.01398
G1 X111.219 Y110.907 E.02186
G1 X110.952 Y111.135 E.01478
M73 P74 R0
G1 X110.478 Y111.363 E.02221
G1 X110.142 Y111.419 E.0144
G1 X109.642 Y111.394 E.02112
G1 X109.163 Y111.205 E.02174
G1 X108.918 Y111.011 E.01318
G1 X108.65 Y110.736 E.01622
G1 X108.408 Y110.289 E.02144
G1 X108.322 Y109.79 E.0214
G1 X108.385 Y109.288 E.02136
G1 X108.591 Y108.84 E.02083
G1 X108.899 Y108.481 E.01995
G1 X109.329 Y108.212 E.0214
G1 X109.718 Y108.107 E.01701
G1 X110.05 Y108.07 E.01411
G1 X110.567 Y108.169 E.0222
G1 X110.882 Y108.321 E.01478
G1 X111.046 Y108.461 E.00912
G1 X110.038 Y109.688 F9000
;TYPE:Internal solid infill
;WIDTH:0.644695
G1 F3000
G1 X109.965 Y109.688 E.00462
G1 X109.928 Y109.751 E.00462
G1 X109.965 Y109.814 E.00462
G1 X110.038 Y109.814 E.00462
G1 X110.054 Y109.785 E.00209
G1 X109.926 Y110.249 F9000
;WIDTH:0.45
G1 F3000
G1 X110.217 Y110.19 E.01251
G1 X110.356 Y110.098 E.00703
G1 X110.479 Y109.892 E.01014
G1 X110.465 Y109.577 E.01329
G1 X110.316 Y109.376 E.0106
G1 X110.174 Y109.285 E.00709
G1 X109.981 Y109.248 E.00829
G1 X109.742 Y109.334 E.01073
G1 X109.612 Y109.439 E.00707
G1 X109.513 Y109.696 E.01164
G1 X109.55 Y109.975 E.0119
G1 X109.753 Y110.18 E.01216
G1 X109.889 Y110.234 E.00619
G1 X109.928 Y110.641 F9000
G1 F3000
G1 X110.252 Y110.606 E.01372
G1 X110.579 Y110.428 E.01573
G1 X110.815 Y110.12 E.0164
G1 X110.876 Y109.834 E.01235
G1 X110.863 Y109.58 E.01073
G1 X110.759 Y109.308 E.0123
G1 X110.569 Y109.079 E.01254
G1 X110.32 Y108.916 E.01257
G1 X109.921 Y108.86 E.01701
G1 X109.644 Y108.935 E.0121
G1 X109.297 Y109.196 E.01831
G1 X109.143 Y109.508 E.01468
G1 X109.11 Y109.772 E.01123
G1 X109.195 Y110.136 E.01581
G1 X109.33 Y110.343 E.01042
G1 X109.556 Y110.522 E.01217
G1 X109.89 Y110.628 E.0148
G1 X109.891 Y111.037 F9000
G1 F3000
G1 X110.36 Y110.987 E.0199
G1 X110.832 Y110.725 E.02281
G1 X111.164 Y110.301 E.02273
G1 X111.255 Y109.968 E.01457
G1 X111.283 Y109.686 E.01195
G1 X111.203 Y109.292 E.01694
G1 X110.979 Y108.917 E.01846
G1 X110.555 Y108.596 E.02243
G1 X110.02 Y108.461 E.0233
G1 X109.486 Y108.574 E.02302
G1 X109.068 Y108.87 E.02164
G1 X108.912 Y109.094 E.01152
G1 X108.765 Y109.394 E.01411
G1 X108.716 Y109.781 E.01645
G1 X108.784 Y110.174 E.01684
G1 X108.962 Y110.502 E.01578
G1 X109.213 Y110.748 E.01479
G1 X109.359 Y110.864 E.00789
G1 X109.853 Y111.024 E.0219
; stop printing object Button.stl id:140705128642256 copy 0
;LAYER_CHANGE
;Z:3.21
;HEIGHT:0.13
;BEFORE_LAYER_CHANGE
;3.21
G92 E0

G1 E-.7 F3600
;WIPE_START
G1 F3000
G1 X109.359 Y110.864 E-.15566
G1 X109.213 Y110.748 E-.05609
G1 X109.003 Y110.542 E-.08825
;WIPE_END
;_SET_FAN_SPEED_CHANGING_LAYER
; printing object Button.stl id:140705128642256 copy 0
G1 Z3.61 F9000
G1 X107.465 Y108.541 Z3.61
G1 Z3.21
M73 P75 R0
G1 E1 F2400
;TYPE:Support interface
;WIDTH:0.38
;HEIGHT:0.325556
G1 F4800
G1 X107.651 Y108.209 E.0149
G1 X107.92 Y107.862 E.01712
G1 X107.92 Y105.36 E.09769
G1 X108.44 Y105.36 E.0203
G1 X108.44 Y107.415 E.08024
G1 X108.689 Y107.266 E.01133
G1 X108.96 Y107.142 E.01164
G1 X108.96 Y105.36 E.06956
G1 X109.48 Y105.36 E.0203
G1 X109.48 Y106.989 E.0636
G1 X109.694 Y106.958 E.00843
G1 X110 Y106.942 E.01197
G1 X110 Y105.36 E.06177
G1 X110.52 Y105.36 E.0203
G1 X110.52 Y106.989 E.0636
G1 X110.733 Y107.038 E.00854
G1 X111.04 Y107.142 E.01264
G1 X111.04 Y105.36 E.06955
G1 X111.56 Y105.36 E.0203
G1 X111.56 Y107.415 E.08022
G1 X111.818 Y107.608 E.0126
G1 X112.08 Y107.863 E.01423
G1 X112.08 Y105.36 E.09769
G1 X112.32 Y105.36 E.00938
G1 X112.32 Y105.816 E.01779
G1 X112.32 Y107.407 F9000
G1 F4800
G1 X112.32 Y107.68 E.01067
G1 X112.6 Y107.68 E.01092
G1 X112.6 Y108.689 E.03937
G1 X112.702 Y108.978 E.01198
G1 X112.751 Y109.179 E.0081
G1 X112.805 Y109.59 E.01618
G1 X112.809 Y109.824 E.00913
G1 X112.77 Y110.22 E.01553
G1 X112.723 Y110.442 E.00885
G1 X112.6 Y110.817 E.01543
G1 X112.6 Y112.32 E.05866
G1 X113.119 Y112.32 E.0203
G1 X113.119 Y107.68 E.18113
M73 P76 R0
G1 X113.639 Y107.68 E.0203
G1 X113.639 Y112.32 E.18113
G1 X114.159 Y112.32 E.0203
G1 X114.159 Y107.68 E.18113
G1 X114.64 Y107.68 E.01876
G1 X114.64 Y112.32 E.18113
G1 X114.319 Y112.32 E.01252
G1 E-.7 F3600
;WIPE_START
G1 F4800
G1 X114.64 Y112.32 E-.09618
G1 X114.64 Y111.641 E-.20382
;WIPE_END
G1 Z3.61 F9000
G1 X112.359 Y111.275 Z3.61
G1 Z3.21
G1 E1 F2400
G1 F4800
G1 X112.08 Y111.639 E.01791
G1 X112.08 Y114.64 E.11715
G1 X111.56 Y114.64 E.0203
G1 X111.56 Y112.088 E.09962
G1 X111.37 Y112.204 E.00868
G1 X111.04 Y112.361 E.01427
G1 X111.04 Y114.64 E.08896
G1 X110.52 Y114.64 E.0203
G1 X110.52 Y112.511 E.08312
G1 X110.212 Y112.553 E.01214
M73 P77 R0
G1 X110 Y112.561 E.00827
G1 X110 Y114.64 E.08117
G1 X109.48 Y114.64 E.0203
G1 X109.48 Y112.511 E.08312
G1 X109.195 Y112.443 E.01143
G1 X108.96 Y112.361 E.00972
G1 X108.96 Y114.64 E.08896
G1 X108.44 Y114.64 E.0203
G1 X108.44 Y112.088 E.09962
G1 X108.124 Y111.843 E.01563
G1 X107.92 Y111.639 E.01124
G1 X107.92 Y114.64 E.11715
G1 X107.68 Y114.64 E.00938
G1 X107.68 Y114.184 E.01779
G1 E-.7 F3600
;WIPE_START
G1 F4800
G1 X107.68 Y114.64 E-.13672
G1 X107.92 Y114.64 E-.07208
G1 X107.92 Y114.336 E-.09119
;WIPE_END
G1 Z3.61 F9000
G1 X105.681 Y112.32 Z3.61
G1 Z3.21
G1 E1 F2400
G1 F4800
G1 X105.36 Y112.32 E.01252
G1 X105.36 Y107.68 E.18113
G1 X105.841 Y107.68 E.01876
G1 X105.841 Y112.32 E.18113
G1 X106.361 Y112.32 E.0203
G1 X106.361 Y107.68 E.18113
G1 X106.881 Y107.68 E.0203
M73 P78 R0
G1 X106.881 Y112.32 E.18113
G1 X107.4 Y112.32 E.0203
G1 X107.4 Y110.817 E.05866
G1 X107.276 Y110.441 E.01545
G1 X107.227 Y110.202 E.00955
G1 X107.191 Y109.824 E.01484
G1 X107.195 Y109.58 E.00949
G1 X107.249 Y109.179 E.01579
G1 X107.4 Y108.688 E.02008
G1 X107.4 Y107.68 E.03934
G1 X107.68 Y107.68 E.01092
G1 X107.68 Y107.407 E.01067
; stop printing object Button.stl id:140705128642256 copy 0
;LAYER_CHANGE
;Z:3.36
;HEIGHT:0.15
;BEFORE_LAYER_CHANGE
;3.36
G92 E0

G1 E-.7 F3600
;WIPE_START
G1 F4800
G1 X107.68 Y107.68 E-.08201
G1 X107.4 Y107.68 E-.08389
G1 X107.4 Y108.127 E-.1341
;WIPE_END
;_SET_FAN_SPEED_CHANGING_LAYER
; printing object Button.stl id:140705128642256 copy 0
G1 Z3.76 F9000
G1 X111.331 Y108.183 Z3.76
G1 Z3.36
G1 E1 F2400
;TYPE:Outer wall
;WIDTH:0.45
;HEIGHT:0.28
G1 X111.334 Y108.186 E.00016
G1 X111.653 Y108.498 E.01885
G1 X111.95 Y109.046 E.02628
G1 X112.007 Y109.28 E.01017
G1 X112.065 Y109.938 E.02789
G1 X111.972 Y110.392 E.01955
G1 X111.695 Y110.945 E.0261
G1 X111.394 Y111.286 E.0192
G1 X111.022 Y111.555 E.01938
G1 X110.612 Y111.732 E.01886
G1 X110.144 Y111.802 E.01997
G1 X109.698 Y111.802 E.01885
G1 X109.103 Y111.62 E.02626
G1 X108.717 Y111.38 E.01922
G1 X108.398 Y111.067 E.01886
G1 X108.156 Y110.661 E.01995
G1 X107.987 Y110.248 E.01885
G1 X107.93 Y109.627 E.02629
G1 X108.004 Y109.187 E.01886
G1 X108.176 Y108.766 E.0192
G1 X108.46 Y108.388 E.01994
G1 X108.778 Y108.075 E.01885
G1 X109.331 Y107.788 E.02628
G1 X109.923 Y107.684 E.02536
G1 X110.535 Y107.747 E.02597
G1 X110.951 Y107.909 E.01886
G1 X111.299 Y108.16 E.0181
G1 X111.102 Y108.499 F9000
;TYPE:Inner wall
G1 F3600
G1 X111.106 Y108.502 E.00016
G1 X111.331 Y108.723 E.01333
G1 X111.583 Y109.187 E.02231
G1 X111.674 Y109.902 E.03042
G1 X111.6 Y110.263 E.01555
G1 X111.369 Y110.725 E.0218
G1 X111.241 Y110.871 E.0082
G1 X110.961 Y111.118 E.01579
M73 P79 R0
G1 X110.504 Y111.354 E.02167
G1 X110.086 Y111.417 E.01784
G1 X109.77 Y111.417 E.01333
G1 X109.266 Y111.262 E.02227
G1 X109.097 Y111.157 E.00839
G1 X108.707 Y110.824 E.02168
G1 X108.404 Y110.269 E.02667
G1 X108.341 Y109.837 E.01846
G1 X108.355 Y109.454 E.01614
G1 X108.518 Y108.959 E.022
G1 X108.771 Y108.622 E.0178
G1 X108.997 Y108.401 E.01333
G1 X109.466 Y108.158 E.02231
G1 X109.82 Y108.078 E.01533
G1 X110.273 Y108.102 E.01914
G1 X110.763 Y108.254 E.02168
G1 X111.07 Y108.476 E.01598
G1 X109.628 Y110.965 F9000
;TYPE:Internal solid infill
G1 F3000
G1 X109.967 Y111.04 E.01465
G1 X110.396 Y110.976 E.01833
G1 X110.767 Y110.777 E.01776
G1 X111.043 Y110.505 E.01635
G1 X111.229 Y110.134 E.01751
G1 X111.28 Y109.701 E.01841
G1 X111.216 Y109.329 E.01594
G1 X110.927 Y108.854 E.02347
G1 X110.576 Y108.599 E.01832
G1 X110.21 Y108.487 E.01615
G1 X110.044 Y108.462 E.00706
G1 X109.594 Y108.53 E.01921
G1 X109.12 Y108.807 E.02318
G1 X108.86 Y109.153 E.01828
G1 X108.739 Y109.519 E.01626
G1 X108.735 Y109.866 E.01464
G1 X108.794 Y110.208 E.01465
G1 X109.016 Y110.581 E.01832
G1 X109.307 Y110.828 E.01613
G1 X109.591 Y110.95 E.01303
G1 X109.97 Y110.646 F9000
G1 F3000
G1 X110.371 Y110.562 E.01728
G1 X110.603 Y110.414 E.01162
G1 X110.814 Y110.091 E.01629
G1 X110.893 Y109.83 E.01151
G1 X110.849 Y109.47 E.01531
G1 X110.648 Y109.133 E.01657
G1 X110.304 Y108.912 E.01727
G1 X110.045 Y108.856 E.01121
G1 X109.717 Y108.906 E.014
G1 X109.395 Y109.091 E.01568
G1 X109.165 Y109.437 E.01751
G1 X109.109 Y109.672 E.01021
G1 X109.16 Y110.062 E.01657
G1 X109.389 Y110.401 E.01727
G1 X109.592 Y110.546 E.01054
G1 X109.931 Y110.635 E.01481
G1 X109.963 Y110.252 F9000
G1 F3000
G1 X110.275 Y110.171 E.0136
G1 X110.419 Y110.01 E.00911
G1 X110.502 Y109.756 E.01128
G1 X110.378 Y109.419 E.01516
G1 X110.098 Y109.259 E.0136
G1 X109.839 Y109.282 E.01099
G1 X109.675 Y109.367 E.00779
G1 X109.514 Y109.615 E.0125
G1 X109.522 Y109.906 E.01229
G1 X109.715 Y110.164 E.0136
G1 X109.925 Y110.239 E.00942
; stop printing object Button.stl id:140705128642256 copy 0
;LAYER_CHANGE
;Z:3.64
;HEIGHT:0.28
;BEFORE_LAYER_CHANGE
;3.64
G92 E0

G1 E-.7 F3600
;WIPE_START
G1 F3000
G1 X109.715 Y110.164 E-.06693
G1 X109.522 Y109.906 E-.09664
G1 X109.514 Y109.615 E-.08734
G1 X109.603 Y109.478 E-.04909
;WIPE_END
;_SET_FAN_SPEED_CHANGING_LAYER
; printing object Button.stl id:140705128642256 copy 0
G1 Z4.04 F9000
G1 X111.047 Y107.482 Z4.04
G1 Z3.64
G1 E1 F2400
M73 P80 R0
;TYPE:Overhang wall
G1 F1140
G1 X111.586 Y107.484 E.02275
G1 F1500
G1 X111.963 Y107.812 E.02109
G1 X112.29 Y108.205 E.02158
G1 X112.534 Y108.652 E.0215
G1 X112.694 Y109.146 E.02192
G1 X112.771 Y109.89 E.03157
G1 X112.692 Y110.422 E.0227
G1 X112.512 Y110.928 E.02267
G1 X112.237 Y111.391 E.02273
G1 X111.879 Y111.792 E.02269
G1 X111.45 Y112.116 E.02269
G1 X110.966 Y112.351 E.02271
G1 X110.447 Y112.489 E.02267
G1 X109.911 Y112.523 E.02267
G1 X109.377 Y112.454 E.02273
G1 X108.867 Y112.283 E.02271
G1 X108.4 Y112.017 E.02269
G1 X107.993 Y111.666 E.02269
G1 X107.661 Y111.243 E.0227
G1 X107.417 Y110.763 E.02273
G1 X107.271 Y110.246 E.02268
G1 X107.226 Y109.711 E.02266
G1 X107.286 Y109.177 E.02268
G1 X107.391 Y108.845 E.0147
G1 X107.629 Y108.331 E.02391
G1 X107.984 Y107.857 E.025
G1 X108.42 Y107.476 E.02444
G1 F1140
G1 X108.964 Y107.477 E.02296
;TYPE:Outer wall
G1 F840
G1 X111.007 Y107.482 E.08624
G1 X111.47 Y107.9 F9000
;TYPE:Inner wall
G1 F1020
G1 X111.706 Y108.106 E.01322
G1 X111.974 Y108.434 E.01788
G1 X112.247 Y108.96 E.02502
G1 X112.366 Y109.583 E.02677
G1 X112.352 Y110.054 E.01989
G1 X112.247 Y110.508 E.01967
G1 X112.056 Y110.932 E.01963
G1 X111.787 Y111.309 E.01955
G1 X111.451 Y111.626 E.0195
G1 X111.06 Y111.872 E.0195
G1 X110.63 Y112.037 E.01944
G1 X110.178 Y112.115 E.01936
G1 X109.718 Y112.105 E.01942
G1 X109.269 Y112.006 E.01941
G1 X108.848 Y111.824 E.01936
G1 X108.43 Y111.528 E.02162
G1 X108.115 Y111.19 E.0195
G1 X107.871 Y110.795 E.0196
G1 X107.708 Y110.359 E.01965
G1 X107.633 Y109.898 E.01972
G1 X107.65 Y109.428 E.01985
G1 X107.762 Y108.963 E.02019
G1 X107.971 Y108.518 E.02075
G1 X108.284 Y108.106 E.02184
G1 X108.559 Y107.866 E.01541
M106 S255
G1 X109.533 Y107.869 E.04112
G1 F3600
G1 X110.472 Y107.871 E.03964
G1 F1020
G1 X111.439 Y107.873 E.04082
G1 X111.44 Y107.874 E.00006
G1 E-.7 F3600
;WIPE_START
G1 F1020
G1 X111.706 Y108.106 E-.10597
G1 X111.974 Y108.434 E-.12716
M73 P81 R0
G1 X112.077 Y108.632 E-.06687
;WIPE_END
G1 Z4.04 F9000
G1 X108.593 Y107.989 Z4.04
G1 Z3.64
G1 E1 F2400
;TYPE:Internal solid infill
;WIDTH:0.450001
G1 F3000
M106 S255
G1 X111.639 Y111.036 E.18187
G1 X111.372 Y111.32 E.01647
G1 X108.435 Y108.382 E.17535
G1 X108.273 Y108.577 E.01067
G1 X108.204 Y108.703 E.00608
G1 X111.052 Y111.551 E.17001
G1 X110.673 Y111.723 E.01758
G1 X108.031 Y109.082 E.15767
G1 X107.957 Y109.319 E.01048
G1 X107.933 Y109.535 E.00917
G1 X110.218 Y111.82 E.13642
G1 X109.933 Y111.838 E.01205
G1 X109.648 Y111.801 E.01213
G1 X107.751 Y109.904 E.11324
G1 X111.675 Y110.795 F9000
;WIDTH:0.45
G1 F3000
G1 X111.81 Y110.574 E.01094
G1 X111.937 Y110.196 E.01685
G1 X111.986 Y109.799 E.01687
G1 X111.973 Y109.527 E.0115
G1 X111.849 Y109.028 E.02171
G1 X111.595 Y108.575 E.02191
G1 X111.293 Y108.263 E.01834
G1 X109.137 Y108.258 E.091
G1 X111.646 Y110.767 E.1498
M73 P82 R0
G1 X110.979 Y109.023 F9000
;WIDTH:0.412851
G1 F3000
G1 X111.039 Y109.093 E.00351
G1 X110.081 Y108.65 F9000
;WIDTH:0.45
G1 F3000
G1 X111.554 Y110.123 E.08793
G1 X111.596 Y109.817 E.01301
G1 X111.583 Y109.545 E.0115
G1 X111.495 Y109.192 E.01536
G1 X111.279 Y108.805 E.01872
G1 X111.146 Y108.652 E.00854
G1 X110.121 Y108.65 E.04329
; stop printing object Button.stl id:140705128642256 copy 0
;LAYER_CHANGE
;Z:3.92
;HEIGHT:0.28
;BEFORE_LAYER_CHANGE
;3.92
G92 E0

G1 E-.7 F3600
;WIPE_START
G1 F3000
G1 X111.121 Y108.652 E-.3
;WIPE_END
;_SET_FAN_SPEED_CHANGING_LAYER
; printing object Button.stl id:140705128642256 copy 0
G1 Z4.32 F9000
G1 X111.635 Y107.515 Z4.32
G1 Z3.92
G1 E1 F2400
;TYPE:Outer wall
G1 X111.814 Y107.652 E.00953
G1 X112.296 Y108.195 E.03065
G1 X112.461 Y108.496 E.01451
G1 X112.651 Y108.977 E.02183
G1 X112.737 Y109.384 E.01757
G1 X112.749 Y110.112 E.03072
G1 X112.626 Y110.594 E.021
G1 X112.433 Y111.084 E.02225
G1 X112.093 Y111.569 E.025
G1 X111.744 Y111.908 E.02053
G1 X111.294 Y112.204 E.02272
G1 X110.8 Y112.407 E.02256
G1 X110.086 Y112.523 E.03053
G1 X109.553 Y112.489 E.02256
G1 X109.2 Y112.395 E.01541
G1 X108.709 Y112.206 E.02219
G1 X108.26 Y111.911 E.02269
G1 X107.916 Y111.551 E.02102
G1 X107.639 Y111.193 E.01909
G1 X107.358 Y110.595 E.02789
G1 X107.245 Y110.072 E.02259
G1 X107.255 Y109.349 E.03052
G1 X107.346 Y108.981 E.01602
G1 X107.52 Y108.507 E.02132
G1 X107.849 Y108.024 E.02465
G1 X108.033 Y107.809 E.01195
G1 X108.414 Y107.476 E.02135
G1 X111.583 Y107.476 E.13379
G1 X111.603 Y107.491 E.00106
G1 X111.451 Y107.866 F9000
;TYPE:Inner wall
G1 F3600
G1 X111.526 Y107.923 E.00398
G1 X111.876 Y108.308 E.02197
G1 X112.119 Y108.683 E.01886
G1 X112.331 Y109.258 E.02585
M73 P83 R0
G1 X112.373 Y109.879 E.0263
G1 X112.27 Y110.41 E.0228
G1 X112.094 Y110.888 E.02153
G1 X111.795 Y111.315 E.02201
G1 X111.499 Y111.603 E.01742
G1 X111.112 Y111.858 E.01957
G1 X110.693 Y112.029 E.01909
G1 X110.067 Y112.131 E.02678
G1 X109.616 Y112.102 E.01908
G1 X109.029 Y111.922 E.02592
G1 X108.511 Y111.61 E.02552
G1 X108.069 Y111.146 E.02704
G1 X107.805 Y110.651 E.02369
G1 X107.635 Y110.034 E.02703
G1 X107.642 Y109.6 E.01833
G1 X107.693 Y109.205 E.0168
G1 X107.864 Y108.695 E.02273
G1 X108.171 Y108.243 E.02305
G1 X108.546 Y107.866 E.02245
G1 X111.411 Y107.866 E.12095
G1 X111.983 Y108.679 F9000
;TYPE:Internal solid infill
;WIDTH:0.450001
G1 F3000
G1 X109.05 Y111.612 E.17507
G1 X108.716 Y111.394 E.01682
G1 X111.633 Y108.478 E.1741
G1 X111.37 Y108.189 E.01648
G1 X108.444 Y111.115 E.17469
G1 X108.302 Y110.966 E.0087
G1 X108.202 Y110.806 E.00797
G1 X110.85 Y108.158 E.15806
G1 X110.298 Y108.158 E.02328
G1 X108.028 Y110.429 E.13554
G1 X107.929 Y109.976 E.01955
G1 X109.747 Y108.158 E.10853
G1 X109.195 Y108.158 E.02328
G1 X107.759 Y109.595 E.08576
G1 X110.087 Y111.733 F9000
;WIDTH:0.45
G1 F3000
G1 X110.587 Y111.651 E.02138
G1 X110.973 Y111.482 E.0178
M73 P84 R0
G1 X111.292 Y111.26 E.01642
G1 X111.528 Y111.017 E.0143
G1 X111.823 Y110.549 E.02334
G1 X111.966 Y110.027 E.02285
G1 X111.99 Y109.761 E.01127
G1 X111.941 Y109.325 E.01852
G1 X111.85 Y109.087 E.01073
G1 X109.318 Y111.62 E.15117
G1 X109.699 Y111.717 E.01658
G1 X110.047 Y111.731 E.0147
G1 X110.144 Y111.336 F9000
;WIDTH:0.437177
G1 F3000
G1 X110.493 Y111.276 E.01448
G1 X110.762 Y111.163 E.01192
G1 X111.026 Y110.985 E.01296
G1 X111.214 Y110.797 E.01087
G1 X111.484 Y110.362 E.02091
G1 X111.598 Y109.883 E.02009
G1 X110.172 Y111.307 E.08229
; stop printing object Button.stl id:140705128642256 copy 0
;LAYER_CHANGE
;Z:4.2
;HEIGHT:0.28
;BEFORE_LAYER_CHANGE
;4.2
G92 E0

G1 E-.7 F3600
;WIPE_START
G1 F3000
G1 X110.879 Y110.601 E-.3
;WIPE_END
;_SET_FAN_SPEED_CHANGING_LAYER
; printing object Button.stl id:140705128642256 copy 0
G1 Z4.6 F9000
G1 X111.625 Y107.508 Z4.6
G1 Z4.2
G1 E1 F2400
;TYPE:Outer wall
;WIDTH:0.45
G1 X111.814 Y107.652 E.01003
G1 X112.296 Y108.195 E.03065
G1 X112.461 Y108.496 E.01451
G1 X112.651 Y108.977 E.02183
G1 X112.737 Y109.384 E.01757
G1 X112.744 Y110.149 E.03228
G1 X112.625 Y110.6 E.01967
G1 X112.433 Y111.084 E.02198
G1 X112.068 Y111.597 E.0266
G1 X111.744 Y111.908 E.01894
G1 X111.294 Y112.204 E.02275
G1 X110.8 Y112.407 E.02256
G1 X110.086 Y112.523 E.03053
G1 X109.553 Y112.489 E.02256
G1 X109.033 Y112.351 E.0227
G1 X108.689 Y112.183 E.01615
G1 X108.262 Y111.913 E.02132
G1 X107.89 Y111.523 E.02277
G1 X107.571 Y111.092 E.02263
G1 X107.357 Y110.595 E.02283
G1 X107.245 Y110.072 E.02256
G1 X107.252 Y109.58 E.02079
G1 X107.293 Y109.17 E.0174
G1 X107.487 Y108.616 E.02477
G1 X107.681 Y108.259 E.01715
G1 X108.028 Y107.814 E.0238
G1 X108.414 Y107.476 E.02167
G1 X111.583 Y107.476 E.13379
G1 X111.593 Y107.484 E.00055
G1 X111.451 Y107.866 F9000
;TYPE:Inner wall
G1 F3600
G1 X111.526 Y107.923 E.00397
G1 X111.876 Y108.308 E.02197
G1 X112.119 Y108.683 E.01886
G1 X112.331 Y109.258 E.02585
G1 X112.357 Y110.085 E.03496
M73 P85 R0
G1 X112.213 Y110.635 E.024
G1 X111.963 Y111.073 E.02126
G1 X111.633 Y111.474 E.02192
G1 X111.112 Y111.858 E.02735
G1 X110.693 Y112.029 E.01909
G1 X110.067 Y112.131 E.02678
G1 X109.616 Y112.102 E.01908
G1 X109.17 Y111.984 E.01949
G1 X108.642 Y111.704 E.02518
G1 X108.345 Y111.435 E.01694
G1 X107.985 Y111.015 E.02334
G1 X107.731 Y110.476 E.02518
G1 X107.635 Y110.034 E.01909
G1 X107.642 Y109.586 E.01891
G1 X107.702 Y109.122 E.01973
G1 X107.909 Y108.615 E.02314
G1 X108.169 Y108.242 E.01919
G1 X108.546 Y107.866 E.02247
G1 X111.411 Y107.866 E.12095
G1 X108.606 Y107.983 F9000
;TYPE:Internal solid infill
;WIDTH:0.450001
G1 F3000
G1 X111.642 Y111.019 E.18123
G1 X111.549 Y111.15 E.00679
G1 X111.382 Y111.31 E.00977
G1 X108.439 Y108.367 E.17571
G1 X108.212 Y108.691 E.01672
G1 X111.062 Y111.541 E.17011
G1 X110.975 Y111.598 E.0044
G1 X110.686 Y111.716 E.01317
G1 X108.039 Y109.069 E.15801
G1 X107.982 Y109.208 E.00634
G1 X107.937 Y109.422 E.00924
G1 X107.935 Y109.517 E.004
G1 X110.227 Y111.809 E.1368
G1 X110.053 Y111.837 E.00745
G1 X109.68 Y111.813 E.01578
G1 X107.755 Y109.888 E.11493
G1 X111.687 Y110.787 F9000
;WIDTH:0.45
G1 F3000
G1 X111.85 Y110.483 E.01459
G1 X111.974 Y109.978 E.02195
M73 P86 R0
G1 X111.988 Y109.779 E.00839
G1 X111.928 Y109.278 E.02132
G1 X111.798 Y108.91 E.01649
G1 X111.595 Y108.581 E.0163
G1 X111.299 Y108.256 E.01856
G1 X109.155 Y108.256 E.0905
G1 X111.659 Y110.759 E.14945
G1 X110.967 Y109.006 F9000
;WIDTH:0.391208
G1 F3000
G1 X111.013 Y109.055 E.00242
G1 X110.097 Y108.646 F9000
;WIDTH:0.45
G1 F3000
G1 X111.548 Y110.097 E.08665
G1 X111.599 Y109.753 E.01469
G1 X111.556 Y109.395 E.01519
G1 X111.456 Y109.096 E.01331
G1 X111.234 Y108.764 E.01688
G1 X111.126 Y108.646 E.00674
G1 X110.137 Y108.646 E.04179
; stop printing object Button.stl id:140705128642256 copy 0
;LAYER_CHANGE
;Z:4.48
;HEIGHT:0.28
;BEFORE_LAYER_CHANGE
;4.48
G92 E0

G1 E-.7 F3600
;WIPE_START
G1 F3000
G1 X111.126 Y108.646 E-.29699
G1 X111.133 Y108.653 E-.00301
;WIPE_END
;_SET_FAN_SPEED_CHANGING_LAYER
; printing object Button.stl id:140705128642256 copy 0
G1 Z4.88 F9000
G1 X111.616 Y107.501 Z4.88
G1 Z4.48
G1 E1 F2400
;TYPE:Outer wall
G1 X111.814 Y107.652 E.0105
G1 X112.296 Y108.195 E.03065
G1 X112.461 Y108.496 E.01451
G1 X112.651 Y108.977 E.02183
G1 X112.737 Y109.384 E.01757
G1 X112.738 Y110.186 E.03384
G1 X112.625 Y110.605 E.01834
G1 X112.433 Y111.083 E.02173
G1 X112.043 Y111.625 E.02819
G1 X111.745 Y111.908 E.01733
G1 X111.294 Y112.204 E.02277
G1 X110.8 Y112.407 E.02256
G1 X110.086 Y112.523 E.03053
G1 X109.553 Y112.489 E.02256
G1 X109.033 Y112.351 E.0227
G1 X108.693 Y112.185 E.01597
G1 X108.261 Y111.913 E.02154
G1 X107.796 Y111.434 E.02819
G1 X107.571 Y111.09 E.01733
G1 X107.357 Y110.595 E.02277
G1 X107.245 Y110.072 E.02256
G1 X107.255 Y109.349 E.03056
G1 X107.44 Y108.716 E.02782
G1 X107.688 Y108.244 E.02249
G1 X108.025 Y107.817 E.02296
G1 X108.414 Y107.476 E.02183
G1 X111.583 Y107.476 E.13379
G1 X111.584 Y107.477 E.00007
M73 P87 R0
G1 X111.451 Y107.866 F9000
;TYPE:Inner wall
G1 F3600
G1 X111.526 Y107.923 E.00397
G1 X111.876 Y108.308 E.02197
G1 X112.119 Y108.683 E.01886
G1 X112.331 Y109.258 E.02585
G1 X112.352 Y110.12 E.03641
G1 X112.213 Y110.634 E.02245
G1 X111.96 Y111.073 E.02139
G1 X111.62 Y111.489 E.02268
G1 X111.112 Y111.858 E.02654
G1 X110.693 Y112.029 E.01909
G1 X110.067 Y112.131 E.02678
G1 X109.616 Y112.102 E.01908
G1 X109.17 Y111.984 E.01949
G1 X108.746 Y111.777 E.0199
G1 X108.351 Y111.445 E.02177
G1 X108.005 Y111.041 E.02245
G1 X107.731 Y110.476 E.02654
G1 X107.635 Y110.034 E.01909
G1 X107.642 Y109.589 E.01878
G1 X107.689 Y109.21 E.01611
G1 X107.864 Y108.722 E.02188
G1 X108.168 Y108.241 E.02403
G1 X108.546 Y107.866 E.02248
G1 X111.411 Y107.866 E.12096
G1 X111.983 Y108.679 F9000
;TYPE:Internal solid infill
;WIDTH:0.450001
G1 F3000
G1 X109.058 Y111.604 E.17463
G1 X108.895 Y111.525 E.00763
G1 X108.714 Y111.397 E.00938
G1 X111.632 Y108.478 E.17425
G1 X111.37 Y108.189 E.01648
G1 X108.441 Y111.118 E.17487
G1 X108.331 Y111.005 E.00666
G1 X108.201 Y110.807 E.01
G1 X110.849 Y108.158 E.15811
G1 X110.298 Y108.158 E.02328
G1 X108.028 Y110.428 E.13548
G1 X107.929 Y109.976 E.01953
G1 X109.746 Y108.158 E.10851
G1 X109.195 Y108.158 E.02328
G1 X107.759 Y109.594 E.08574
G1 X110.087 Y111.733 F9000
M73 P88 R0
;WIDTH:0.45
G1 F3000
G1 X110.587 Y111.651 E.02138
G1 X110.973 Y111.482 E.0178
G1 X111.414 Y111.147 E.02338
G1 X111.729 Y110.727 E.02215
G1 X111.858 Y110.455 E.01273
G1 X111.969 Y110.014 E.01919
G1 X111.989 Y109.756 E.01091
G1 X111.941 Y109.325 E.01832
G1 X111.85 Y109.087 E.01074
G1 X109.318 Y111.62 E.15118
G1 X109.699 Y111.717 E.0166
G1 X110.047 Y111.731 E.0147
G1 X110.769 Y110.711 F9000
;WIDTH:0.424802
G1 F3000
G1 X110.145 Y111.335 E.03485
G1 X110.493 Y111.275 E.01395
G1 X110.762 Y111.162 E.01153
G1 X111.163 Y110.855 E.01992
G1 X111.494 Y110.384 E.02275
G1 X111.613 Y109.844 E.02183
G1 X110.796 Y110.682 E.0462
; stop printing object Button.stl id:140705128642256 copy 0
;LAYER_CHANGE
;Z:4.76
;HEIGHT:0.28
;BEFORE_LAYER_CHANGE
;4.76
G92 E0

G1 E-.7 F3600
;WIPE_START
G1 F3000
G1 X111.495 Y109.966 E-.3
;WIPE_END
;_SET_FAN_SPEED_CHANGING_LAYER
; printing object Button.stl id:140705128642256 copy 0
G1 Z5.16 F9000
G1 X111.608 Y107.495 Z5.16
G1 Z4.76
G1 E1 F2400
;TYPE:Outer wall
;WIDTH:0.45
G1 X111.814 Y107.652 E.01092
G1 X112.296 Y108.195 E.03066
G1 X112.462 Y108.499 E.01462
G1 X112.646 Y108.958 E.02089
G1 X112.748 Y109.489 E.02279
G1 X112.733 Y110.223 E.03101
G1 X112.629 Y110.596 E.01633
G1 X112.432 Y111.085 E.02228
G1 X112.127 Y111.532 E.02283
G1 X111.743 Y111.909 E.0227
G1 X111.294 Y112.204 E.0227
G1 X110.799 Y112.407 E.02257
G1 X110.11 Y112.522 E.0295
G1 X109.552 Y112.488 E.02359
G1 X109.033 Y112.351 E.02267
G1 X108.689 Y112.183 E.01615
G1 X108.262 Y111.913 E.02132
G1 X107.879 Y111.511 E.02344
G1 X107.573 Y111.094 E.02184
G1 X107.38 Y110.606 E.02215
G1 X107.245 Y110.075 E.02313
G1 X107.253 Y109.52 E.02342
G1 X107.327 Y109.008 E.02184
G1 X107.6 Y108.361 E.02965
G1 X108.008 Y107.836 E.02805
G1 X108.414 Y107.476 E.02291
G1 X111.575 Y107.476 E.13343
G1 X111.451 Y107.866 F9000
M73 P89 R0
;TYPE:Inner wall
G1 F3600
G1 X111.526 Y107.923 E.00397
G1 X111.975 Y108.421 E.02831
G1 X112.192 Y108.818 E.01912
G1 X112.345 Y109.402 E.02548
G1 X112.347 Y110.155 E.03177
G1 X112.153 Y110.764 E.02698
G1 X111.827 Y111.28 E.02579
G1 X111.497 Y111.604 E.01949
G1 X111.112 Y111.858 E.01949
G1 X110.692 Y112.029 E.01913
G1 X110.089 Y112.13 E.0258
G1 X109.614 Y112.102 E.02008
G1 X109.17 Y111.984 E.01942
G1 X108.642 Y111.704 E.02518
G1 X108.345 Y111.435 E.01694
G1 X107.994 Y111.029 E.02267
G1 X107.825 Y110.673 E.01661
G1 X107.663 Y110.189 E.02156
G1 X107.639 Y109.799 E.01649
G1 X107.673 Y109.256 E.02294
G1 X107.884 Y108.691 E.02548
G1 X108.152 Y108.26 E.02139
G1 X108.546 Y107.866 E.02357
G1 X111.411 Y107.866 E.12093
G1 X112.089 Y108.871 F9000
;TYPE:Top surface
;WIDTH:0.409606
G1 F1800
G1 X111.198 Y107.98 E.04765
G1 X110.704 Y107.98 F9000
G1 F1800
G1 X112.243 Y109.519 E.08237
G1 X112.244 Y110.014 F9000
G1 F1800
G1 X110.21 Y107.98 E.10883
G1 X109.716 Y107.98 F9000
G1 F1800
G1 X112.155 Y110.419 E.13053
G1 X112.019 Y110.778 F9000
G1 F1800
G1 X109.221 Y107.98 E.14973
G1 X108.727 Y107.98 F9000
G1 F1800
G1 X111.826 Y111.079 E.16582
G1 X111.597 Y111.345 F9000
G1 F1800
G1 X108.406 Y108.154 E.17076
G1 X108.178 Y108.42 F9000
M73 P90 R0
G1 F1800
G1 X111.333 Y111.575 E.16882
G1 X111.031 Y111.767 F9000
G1 F1800
G1 X107.993 Y108.729 E.1626
G1 X107.846 Y109.076 F9000
G1 F1800
G1 X110.68 Y111.911 E.15168
G1 X110.261 Y111.985 F9000
G1 F1800
G1 X107.758 Y109.483 E.13392
G1 X107.751 Y109.97 F9000
G1 F1800
G1 X109.778 Y111.997 E.10845
G1 X109.118 Y111.831 F9000
G1 F1800
G1 X107.941 Y110.654 E.06297
; stop printing object Button.stl id:140705128642256 copy 0
G1 E-.7 F3600
;WIPE_START
G1 F1800
G1 X108.648 Y111.362 E-.3
;WIPE_END
M106 S0
;TYPE:Custom
; filament end gcode 
G1 Z6.76 F600 ; Move print head up
G1 X5 Y176 F9000 ; present print
G1 Z74.76 F600 ; Move print head further up
M73 P91 R0
G1 Z162 F600 ; Move print head further up
M73 P95 R0
M140 S0 ; turn off heatbed
M104 S0 ; turn off temperature
M107 ; turn off fan
M84 X Y E ; disable motors
M73 P100 R0
; EXECUTABLE_BLOCK_END

; filament used [mm] = 105.60
; filament used [cm3] = 0.25
; filament used [g] = 0.31
; filament cost = 0.01
; total filament used [g] = 0.31
; total filament cost = 0.01
; total layers count = 26
; estimated printing time (normal mode) = 3m 2s
; estimated first layer printing time (normal mode) = 48s

; CONFIG_BLOCK_START
; accel_to_decel_enable = 1
; accel_to_decel_factor = 50%
; activate_air_filtration = 0
; activate_air_filtration_during_print = 1
; activate_air_filtration_on_completion = 1
; activate_chamber_temp_control = 0
; adaptive_bed_mesh_margin = 0
; adaptive_pressure_advance = 0
; adaptive_pressure_advance_bridges = 0
; adaptive_pressure_advance_model = "0,0,0\n0,0,0"
; adaptive_pressure_advance_overhangs = 0
; additional_cooling_fan_speed = 70
; additional_fan_full_speed_layer = 0
; align_infill_direction_to_model = 0
; alternate_extra_wall = 0
; auxiliary_fan = 0
; bbl_calib_mark_logo = 1
; bbl_use_printhost = 0
; bed_custom_model = 
; bed_custom_texture = 
; bed_exclude_area = 0x0
; bed_mesh_max = 99999,99999
; bed_mesh_min = -99999,-99999
; bed_mesh_probe_distance = 50,50
; bed_temperature_formula = by_highest_temp
; before_layer_change_gcode = ;BEFORE_LAYER_CHANGE\n;[layer_z]\nG92 E0\n
; best_object_pos = 0.5,0.5
; bottom_shell_layers = 5
; bottom_shell_thickness = 0
; bottom_solid_infill_flow_ratio = 1
; bottom_surface_density = 100%
; bottom_surface_filament_id = 0
; bottom_surface_pattern = monotonic
; bridge_acceleration = 50%
; bridge_angle = 0
; bridge_density = 100%
; bridge_flow = 0.95
; bridge_line_width = 100%
; bridge_no_support = 0
; bridge_speed = 25
; brim_ears_detection_length = 5
; brim_ears_max_angle = 180
; brim_flow_ratio = 1
; brim_object_gap = 0.1
; brim_type = brim_ears
; brim_use_efc_outline = 0
; brim_width = 5
; calib_flowrate_topinfill_special_order = 0
; chamber_minimal_temperature = 0
; chamber_temperature = 0
; change_extrusion_role_gcode = 
; change_filament_gcode = M600
; close_additional_fan_first_x_layers = 1
; close_fan_the_first_x_layers = 1
; combine_brims = 0
; complete_print_exhaust_fan_speed = 80
; cool_plate_temp = 60
; cool_plate_temp_initial_layer = 60
; cooling_tube_length = 5
; cooling_tube_retraction = 91.5
; counterbore_hole_bridging = none
; curr_bed_type = High Temp Plate
; default_acceleration = 0
; default_bed_type = 
; default_filament_colour = ""
; default_filament_profile = "Creality Generic PLA"
; default_jerk = 0
; default_junction_deviation = 0
; default_nozzle_volume_type = Standard
; default_print_profile = 0.20mm Standard @Creality Ender3S1
; deretraction_speed = 40
; detect_narrow_internal_solid_infill = 1
; detect_overhang_wall = 1
; detect_thin_wall = 1
; different_settings_to_system = brim_ears_detection_length;brim_ears_max_angle;brim_object_gap;brim_type;brim_width;enable_support;initial_layer_print_height;inner_wall_speed;layer_height;post_process;precise_outer_wall;sparse_infill_density;sparse_infill_pattern;sparse_infill_speed;support_base_pattern_spacing;support_style;wall_sequence;filament_flow_ratio;filament_max_volumetric_speed;nozzle_temperature;nozzle_temperature_initial_layer;slow_down_layer_time;machine_start_gcode;thumbnails
; disable_m73 = 0
; dont_filter_internal_bridges = disabled
; dont_slow_down_outer_wall = 0
; draft_shield = disabled
; during_print_exhaust_fan_speed = 60
; elefant_foot_compensation = 0.1
; elefant_foot_compensation_layers = 1
; elefant_foot_layers_density = 100%
; emit_machine_limits_to_gcode = 1
; enable_arc_fitting = 0
; enable_extra_bridge_layer = disabled
; enable_filament_ramming = 1
; enable_long_retraction_when_cut = 0
; enable_overhang_bridge_fan = 1
; enable_overhang_speed = 1
; enable_power_loss_recovery = printer_configuration
; enable_pressure_advance = 0
; enable_prime_tower = 0
; enable_support = 1
; enable_tower_interface_cooldown_during_tower = 0
; enable_tower_interface_features = 0
; enable_wrapping_detection = 0
; enforce_support_layers = 0
; eng_plate_temp = 60
; eng_plate_temp_initial_layer = 60
; ensure_vertical_shell_thickness = ensure_all
; exclude_object = 0
; extra_loading_move = -2
; extra_perimeters_on_overhangs = 0
; extra_solid_infills = 
; extruder_ams_count = 1#0|4#0;1#0|4#0
; extruder_clearance_height_to_lid = 34
; extruder_clearance_height_to_rod = 34
; extruder_clearance_radius = 47
; extruder_colour = #26A69A
; extruder_offset = 0x0
; extruder_printable_area = 
; extruder_printable_height = 0
; extruder_type = Direct Drive
; extruder_variant_list = "Direct Drive Standard"
; extrusion_rate_smoothing_external_perimeter_only = 0
; fan_cooling_layer_time = 100
; fan_kickstart = 0
; fan_max_speed = 100
; fan_min_speed = 100
; fan_speedup_overhangs = 1
; fan_speedup_time = 0
; filament_adaptive_volumetric_speed = 0
; filament_adhesiveness_category = 0
; filament_change_extrusion_role_gcode = ""
; filament_change_length = 10
; filament_colour = #26A69A
; filament_colour_type = 1
; filament_cooling_before_tower = 10
; filament_cooling_final_speed = 3.4
; filament_cooling_initial_speed = 2.2
; filament_cooling_moves = 4
; filament_cost = 20
; filament_density = 1.24
; filament_diameter = 1.75
; filament_end_gcode = "; filament end gcode \n"
; filament_extruder_variant = "Direct Drive Standard"
; filament_flow_ratio = 0.93
; filament_flush_temp = 0
; filament_flush_volumetric_speed = 0
; filament_ids = GFL99
; filament_is_support = 0
; filament_loading_speed = 28
; filament_loading_speed_start = 3
; filament_map = 1
; filament_map_mode = Auto For Flush
; filament_max_volumetric_speed = 9
; filament_minimal_purge_on_wipe_tower = 15
; filament_multi_colour = #26A69A
; filament_multitool_ramming = 0
; filament_multitool_ramming_flow = 10
; filament_multitool_ramming_volume = 10
; filament_notes = ""
; filament_printable = 3
; filament_ramming_parameters = "120 100 6.6 6.8 7.2 7.6 7.9 8.2 8.7 9.4 9.9 10.0| 0.05 6.6 0.45 6.8 0.95 7.8 1.45 8.3 1.95 9.7 2.45 10 2.95 7.6 3.45 7.6 3.95 7.6 4.45 7.6 4.95 7.6"
; filament_self_index = 1
; filament_settings_id = "3D Fila - PLA - Preto"
; filament_shrink = 100%
; filament_shrinkage_compensation_z = 100%
; filament_soluble = 0
; filament_stamping_distance = 0
; filament_stamping_loading_speed = 0
; filament_start_gcode = "; filament start gcode\n"
; filament_toolchange_delay = 0
; filament_tower_interface_pre_extrusion_dist = 10
; filament_tower_interface_pre_extrusion_length = 0
; filament_tower_interface_print_temp = -1
; filament_tower_interface_purge_volume = 20
; filament_tower_ironing_area = 4
; filament_type = PLA
; filament_unloading_speed = 90
; filament_unloading_speed_start = 100
; filament_vendor = Generic
; file_start_gcode = 
; filename_format = {input_filename_base}_{filament_type[initial_tool]}_{print_time}.gcode
; fill_multiline = 1
; filter_out_gap_fill = 0
; first_layer_flow_ratio = 1
; first_layer_print_sequence = 0
; first_x_layer_fan_speed = 0
; flashforge_serial_number = 
; flush_into_infill = 0
; flush_into_objects = 0
; flush_into_support = 1
; flush_multiplier = 0.3
; flush_volumes_matrix = 0
; flush_volumes_vector = 140,140
; full_fan_speed_layer = 0
; fuzzy_skin = disabled_fuzzy
; fuzzy_skin_first_layer = 0
; fuzzy_skin_layers_between_ripple_offset = 1
; fuzzy_skin_mode = displacement
; fuzzy_skin_noise_type = classic
; fuzzy_skin_octaves = 4
; fuzzy_skin_persistence = 0.5
; fuzzy_skin_point_distance = 0.3
; fuzzy_skin_ripple_offset = 50%
; fuzzy_skin_ripples_per_layer = 15
; fuzzy_skin_scale = 1
; fuzzy_skin_thickness = 0.2
; gap_fill_flow_ratio = 1
; gap_fill_target = nowhere
; gap_infill_speed = 30
; gcode_add_line_number = 0
; gcode_comments = 0
; gcode_flavor = marlin
; gcode_label_objects = 1
; grab_length = 0
; gyroid_optimized = 0
; has_scarf_joint_seam = 0
; head_wrap_detect_zone = 
; high_current_on_filament_swap = 0
; hole_to_polyhole = 0
; hole_to_polyhole_threshold = 0.01
; hole_to_polyhole_twisted = 1
; host_type = octoprint
; hot_plate_temp = 60
; hot_plate_temp_initial_layer = 60
; idle_temperature = 0
; independent_support_layer_height = 1
; infill_anchor = 400%
; infill_anchor_max = 20
; infill_combination = 0
; infill_combination_max_layer_height = 100%
; infill_direction = 45
; infill_jerk = 9
; infill_lock_depth = 1
; infill_overhang_angle = 60
; infill_shift_step = 0.4
; infill_wall_overlap = 25%
; inherits_group = "0.20mm Standard @Creality Ender3S1";"Creality Generic PLA";"Creality Ender-3 S1 0.4 nozzle"
; initial_layer_acceleration = 0
; initial_layer_infill_speed = 35
; initial_layer_jerk = 9
; initial_layer_line_width = 0.42
; initial_layer_min_bead_width = 85%
; initial_layer_print_height = 0.28
; initial_layer_speed = 15
; initial_layer_travel_acceleration = 100%
; initial_layer_travel_jerk = 100%
; initial_layer_travel_speed = 100%
; inner_wall_acceleration = 0
; inner_wall_filament_id = 0
; inner_wall_flow_ratio = 1
; inner_wall_jerk = 9
; inner_wall_line_width = 0.45
; inner_wall_speed = 60
; input_shaping_damp_x = 0.1
; input_shaping_damp_y = 0.1
; input_shaping_emit = 0
; input_shaping_freq_x = 0
; input_shaping_freq_y = 0
; input_shaping_type = Default
; interface_shells = 0
; interlocking_beam = 0
; interlocking_beam_layer_count = 2
; interlocking_beam_width = 0.8
; interlocking_boundary_avoidance = 2
; interlocking_depth = 2
; interlocking_orientation = 22.5
; internal_bridge_angle = 0
; internal_bridge_density = 100%
; internal_bridge_fan_speed = -1
; internal_bridge_flow = 1
; internal_bridge_speed = 150%
; internal_solid_filament_id = 0
; internal_solid_infill_acceleration = 100%
; internal_solid_infill_flow_ratio = 1
; internal_solid_infill_line_width = 0
; internal_solid_infill_pattern = monotonic
; internal_solid_infill_speed = 50
; ironing_angle = 0
; ironing_angle_fixed = 0
; ironing_expansion = 0
; ironing_fan_speed = -1
; ironing_flow = 15%
; ironing_inset = 0
; ironing_pattern = rectilinear
; ironing_spacing = 0.1
; ironing_speed = 15
; ironing_type = no ironing
; is_infill_first = 0
; lateral_lattice_angle_1 = -45
; lateral_lattice_angle_2 = 45
; layer_change_gcode = 
; layer_height = 0.28
; lightning_overhang_angle = 45
; lightning_prune_angle = 45
; lightning_straightening_angle = 45
; line_width = 0.45
; long_retractions_when_cut = 0
; long_retractions_when_ec = 0
; machine_end_gcode = {if max_layer_z < printable_height}G1 Z{z_offset+min(max_layer_z+2, printable_height)} F600 ; Move print head up{endif}\nG1 X5 Y{print_bed_max[1]*0.8} F{travel_speed*60} ; present print\n{if max_layer_z < printable_height-10}G1 Z{z_offset+min(max_layer_z+70, printable_height-10)} F600 ; Move print head further up{endif}\n{if max_layer_z < max_print_height*0.6}G1 Z{printable_height*0.6} F600 ; Move print head further up{endif}\nM140 S0 ; turn off heatbed\nM104 S0 ; turn off temperature\nM107 ; turn off fan\nM84 X Y E ; disable motors
; machine_load_filament_time = 0
; machine_max_acceleration_e = 5000,5000
; machine_max_acceleration_extruding = 500,500
; machine_max_acceleration_retracting = 1000,1000
; machine_max_acceleration_travel = 1500,1250
; machine_max_acceleration_x = 500,500
; machine_max_acceleration_y = 500,500
; machine_max_acceleration_z = 100,100
; machine_max_jerk_e = 5,5
; machine_max_jerk_x = 8,8
; machine_max_jerk_y = 8,8
; machine_max_jerk_z = 0.4,0.4
; machine_max_junction_deviation = 0.013,0
; machine_max_speed_e = 60,60
; machine_max_speed_x = 500,500
; machine_max_speed_y = 500,500
; machine_max_speed_z = 10,10
; machine_min_extruding_rate = 0,0
; machine_min_travel_rate = 0,0
; machine_pause_gcode = M25
; machine_start_gcode = G90 ; use absolute coordinates\nM83 ; extruder relative mode\nM140 S[bed_temperature_initial_layer_single] ; set final bed temp\nM104 S150 ; set temporary nozzle temp to prevent oozing during homing\nG4 S10 ; allow partial nozzle warmup\nG28 ; home all axis\nG1 Z50 F240\nG1 X10 Y10 F3000\nM104 S[nozzle_temperature_initial_layer] ; set final nozzle temp\nM190 S[bed_temperature_initial_layer_single] ; wait for bed temp to stabilize\nM109 S[nozzle_temperature_initial_layer] ; wait for nozzle temp to stabilize\nG1 Z0.28 F240\nG92 E0\nG1 Y140 E10 F1500 ; prime the nozzle\nG1 X10.3 F5000\nG92 E0\nG1 Y10 E10 F1200 ; prime the nozzle\nG92 E0
; machine_tool_change_time = 0
; machine_unload_filament_time = 0
; make_overhang_printable = 0
; make_overhang_printable_angle = 55
; make_overhang_printable_hole_size = 0
; manual_filament_change = 0
; master_extruder_id = 1
; max_bridge_length = 10
; max_layer_height = 0.36
; max_resonance_avoidance_speed = 120
; max_travel_detour_distance = 0
; max_volumetric_extrusion_rate_slope = 0
; max_volumetric_extrusion_rate_slope_segment_length = 3
; min_bead_width = 85%
; min_feature_size = 25%
; min_layer_height = 0.08
; min_length_factor = 0.5
; min_resonance_avoidance_speed = 70
; min_skirt_length = 0
; min_width_top_surface = 300%
; minimum_sparse_infill_area = 10
; mmu_segmented_region_interlocking_depth = 0
; mmu_segmented_region_max_width = 0
; notes = 
; nozzle_diameter = 0.4
; nozzle_flush_dataset = 0
; nozzle_height = 2.5
; nozzle_hrc = 0
; nozzle_temperature = 190
; nozzle_temperature_initial_layer = 190
; nozzle_temperature_range_high = 230
; nozzle_temperature_range_low = 190
; nozzle_type = undefine
; nozzle_volume = 0
; nozzle_volume_type = Standard
; only_one_wall_first_layer = 0
; only_one_wall_top = 0
; ooze_prevention = 0
; other_layers_print_sequence = 0
; other_layers_print_sequence_nums = 0
; outer_wall_acceleration = 500
; outer_wall_filament_id = 0
; outer_wall_flow_ratio = 1
; outer_wall_jerk = 9
; outer_wall_line_width = 0.45
; outer_wall_speed = 40
; overhang_1_4_speed = 0
; overhang_2_4_speed = 20
; overhang_3_4_speed = 15
; overhang_4_4_speed = 10
; overhang_fan_speed = 100
; overhang_fan_threshold = 50%
; overhang_flow_ratio = 1
; overhang_reverse = 0
; overhang_reverse_internal_only = 0
; overhang_reverse_threshold = 50%
; parallel_printheads_bed_exclude_areas = 
; parallel_printheads_count = 1
; parking_pos_retraction = 92
; part_cooling_fan_min_pwm = 0
; pellet_flow_coefficient = 0.4157
; pellet_modded_printer = 0
; physical_extruder_map = 0
; post_process = "\"C:\\Python314\\python.exe\" \"D:\\Maker\\3D\\professionalfirmware.py\""
; precise_outer_wall = 0
; precise_z_height = 0
; preferred_orientation = 0
; preheat_steps = 1
; preheat_time = 30
; pressure_advance = 0.02
; prime_tower_brim_width = 3
; prime_tower_enable_framework = 0
; prime_tower_flat_ironing = 0
; prime_tower_infill_gap = 150%
; prime_tower_skip_points = 1
; prime_tower_width = 60
; prime_volume = 45
; print_compatible_printers = "Creality Ender-3 S1 0.4 nozzle"
; print_extruder_id = 1
; print_extruder_variant = "Direct Drive Standard"
; print_flow_ratio = 1
; print_order = default
; print_sequence = by layer
; print_settings_id = Baterry Box Cover - Fast
; printable_area = 0x0,220x0,220x220,0x220
; printable_height = 270
; printer_agent = 
; printer_extruder_id = 1
; printer_extruder_variant = "Direct Drive Standard"
; printer_model = Creality Ender-3 S1
; printer_notes = 
; printer_settings_id = Creality Ender-3 0 Direct Driver
; printer_structure = i3
; printer_technology = FFF
; printer_variant = 0.4
; printhost_authorization_type = key
; printhost_ssl_ignore_revoke = 0
; printing_by_object_gcode = 
; process_change_extrusion_role_gcode = 
; purge_in_prime_tower = 1
; raft_contact_distance = 0.1
; raft_expansion = 1.5
; raft_first_layer_density = 90%
; raft_first_layer_expansion = 2
; raft_layers = 0
; reduce_crossing_wall = 0
; reduce_fan_stop_start_freq = 1
; reduce_infill_retraction = 1
; relative_bridge_angle = 0
; required_nozzle_HRC = 0
; resolution = 0.012
; resonance_avoidance = 0
; retract_before_wipe = 70%
; retract_length_toolchange = 1
; retract_lift_above = 0
; retract_lift_below = 0
; retract_lift_enforce = All Surfaces
; retract_restart_extra = 0
; retract_restart_extra_toolchange = 0
; retract_when_changing_layer = 1
; retraction_distances_when_cut = 18
; retraction_distances_when_ec = 10
; retraction_length = 1
; retraction_minimum_travel = 2
; retraction_speed = 60
; role_based_wipe_speed = 1
; scan_first_layer = 0
; scarf_angle_threshold = 155
; scarf_joint_flow_ratio = 1
; scarf_joint_speed = 100%
; scarf_overhang_threshold = 40%
; seam_gap = 10%
; seam_position = aligned
; seam_slope_conditional = 0
; seam_slope_entire_loop = 0
; seam_slope_inner_walls = 0
; seam_slope_min_length = 20
; seam_slope_start_height = 0
; seam_slope_steps = 10
; seam_slope_type = none
; set_other_flow_ratios = 0
; silent_mode = 0
; single_extruder_multi_material = 1
; single_extruder_multi_material_priming = 0
; single_loop_draft_shield = 0
; skeleton_infill_density = 25%
; skeleton_infill_line_width = 100%
; skin_infill_density = 25%
; skin_infill_depth = 2
; skin_infill_line_width = 100%
; skirt_distance = 2
; skirt_height = 2
; skirt_loops = 2
; skirt_speed = 50
; skirt_start_angle = -135
; skirt_type = combined
; slice_closing_radius = 0.049
; slicing_mode = regular
; slow_down_for_layer_cooling = 1
; slow_down_layer_time = 0
; slow_down_layers = 0
; slow_down_min_speed = 10
; slowdown_for_curled_perimeters = 0
; small_area_infill_flow_compensation = 0
; small_area_infill_flow_compensation_model = 0,0;"\n0.2,0.4444";"\n0.4,0.6145";"\n0.6,0.7059";"\n0.8,0.7619";"\n1.5,0.8571";"\n2,0.8889";"\n3,0.9231";"\n5,0.9520";"\n10,1"
; small_perimeter_speed = 50%
; small_perimeter_threshold = 0
; solid_infill_direction = 45
; solid_infill_rotate_template = 
; sparse_infill_acceleration = 100%
; sparse_infill_density = 5%
; sparse_infill_filament_id = 0
; sparse_infill_flow_ratio = 1
; sparse_infill_line_width = 0.45
; sparse_infill_pattern = rectilinear
; sparse_infill_rotate_template = 
; sparse_infill_speed = 120
; spiral_finishing_flow_ratio = 0
; spiral_mode = 0
; spiral_mode_max_xy_smoothing = 200%
; spiral_mode_smooth = 0
; spiral_starting_flow_ratio = 0
; staggered_inner_seams = 0
; standby_temperature_delta = -5
; start_end_points = 30x-3,54x245
; supertack_plate_temp = 35
; supertack_plate_temp_initial_layer = 35
; support_air_filtration = 0
; support_angle = 0
; support_base_pattern = rectilinear
; support_base_pattern_spacing = 2
; support_bottom_interface_spacing = 0.5
; support_bottom_z_distance = 0.2
; support_chamber_temp_control = 0
; support_critical_regions_only = 0
; support_expansion = 0
; support_filament = 0
; support_flow_ratio = 1
; support_interface_bottom_layers = -1
; support_interface_filament = 0
; support_interface_flow_ratio = 1
; support_interface_loop_pattern = 0
; support_interface_not_for_body = 1
; support_interface_pattern = auto
; support_interface_spacing = 0.2
; support_interface_speed = 80
; support_interface_top_layers = 3
; support_ironing = 0
; support_ironing_flow = 10%
; support_ironing_pattern = rectilinear
; support_ironing_spacing = 0.1
; support_line_width = 0.38
; support_material_interface_fan_speed = -1
; support_multi_bed_types = 0
; support_object_first_layer_gap = 0.2
; support_object_skip_flush = 0
; support_object_xy_distance = 0.35
; support_on_build_plate_only = 0
; support_parallel_printheads = 0
; support_remove_small_overhang = 1
; support_speed = 40
; support_style = default
; support_threshold_angle = 30
; support_threshold_overlap = 50%
; support_top_z_distance = 0.15
; support_type = normal(auto)
; symmetric_infill_y_axis = 0
; temperature_vitrification = 60
; template_custom_gcode = 
; textured_cool_plate_temp = 40
; textured_cool_plate_temp_initial_layer = 40
; textured_plate_temp = 60
; textured_plate_temp_initial_layer = 60
; thick_bridges = 0
; thick_internal_bridges = 1
; thumbnails = 230x180/PNG
; thumbnails_format = PNG
; time_cost = 0
; time_lapse_gcode = 
; timelapse_type = 0
; tool_change_on_wipe_tower = 0
; top_bottom_infill_wall_overlap = 25%
; top_shell_layers = 7
; top_shell_thickness = 0.8
; top_solid_infill_flow_ratio = 1
; top_surface_acceleration = 0
; top_surface_density = 100%
; top_surface_filament_id = 0
; top_surface_jerk = 9
; top_surface_line_width = 0.4
; top_surface_pattern = monotonicline
; top_surface_speed = 30
; travel_acceleration = 0
; travel_jerk = 12
; travel_slope = 3
; travel_speed = 150
; travel_speed_z = 0
; tree_support_angle_slow = 25
; tree_support_auto_brim = 1
; tree_support_branch_angle = 40
; tree_support_branch_angle_organic = 40
; tree_support_branch_diameter = 5
; tree_support_branch_diameter_angle = 5
; tree_support_branch_diameter_organic = 2
; tree_support_branch_distance = 5
; tree_support_branch_distance_organic = 1
; tree_support_brim_width = 3
; tree_support_tip_diameter = 0.8
; tree_support_top_rate = 30%
; tree_support_wall_count = 0
; upward_compatible_machine = 
; use_3mf = 0
; use_firmware_retraction = 0
; use_relative_e_distances = 1
; volumetric_speed_coefficients = ""
; wall_direction = ccw
; wall_distribution_count = 1
; wall_generator = arachne
; wall_loops = 2
; wall_maximum_deviation = 0.025
; wall_maximum_resolution = 0.5
; wall_sequence = outer wall/inner wall
; wall_transition_angle = 10
; wall_transition_filter_deviation = 25%
; wall_transition_length = 100%
; wipe = 1
; wipe_before_external_loop = 0
; wipe_distance = 1
; wipe_on_loops = 0
; wipe_speed = 80%
; wipe_tower_bridging = 10
; wipe_tower_cone_angle = 30
; wipe_tower_extra_flow = 100%
; wipe_tower_extra_rib_length = 0
; wipe_tower_extra_spacing = 100%
; wipe_tower_filament = 0
; wipe_tower_fillet_wall = 1
; wipe_tower_max_purge_speed = 90
; wipe_tower_no_sparse_layers = 0
; wipe_tower_rib_width = 8
; wipe_tower_rotation_angle = 0
; wipe_tower_type = type2
; wipe_tower_wall_type = rib
; wipe_tower_x = -25.016
; wipe_tower_x = -25.0159
; wipe_tower_y = -25.016
; wipe_tower_y = -25.0159
; wiping_volumes_extruders = 70,70,70,70,70,70,70,70,70,70
; wrapping_detection_gcode = 
; wrapping_detection_layers = 20
; wrapping_exclude_area = 
; xy_contour_compensation = 0
; xy_hole_compensation = 0
; z_hop = 0.4
; z_hop_types = Normal Lift
; z_offset = 0
; zaa_dont_alternate_fill_direction = 0
; zaa_enabled = 0
; zaa_min_z = 0.05
; zaa_minimize_perimeter_height = 35
; first_layer_bed_temperature = 60
; bed_shape = 0x0,220x0,220x220,0x220
; first_layer_temperature = 190
; first_layer_height = 0.280
; CONFIG_BLOCK_END


